Token;English;Russian;German;Spanish;Czech;Dutch;French;Japanese;Korean;Polish;Portuguese_Brazilian;Turkish;Ukrainian;Chinese;Chinese_Trad
pw_msg_notravel;Something you carry prevents the flight;Что-то в поклаже мешает полёту;Etwas in deinem Gepäck verhindert den Flug;Algo en tu carga impide el vuelo;Něco v tvé výbavě brání letu;Iets in je bepakking verhindert de vlucht;Quelque chose dans ton sac empêche le vol;荷物の中の何かが飛行を妨げている;짐 속의 무언가가 비행을 막고 있습니다;Coś w twoim ekwipunku nie pozwala wzlecieć;Algo na sua carga impede o voo;Yükündeki bir şey uçuşu engelliyor;Щось у поклажі заважає польоту;身上有物品阻碍飞行;身上有物品阻礙飛行
pw_msg_canttravel;Wait a moment before your next flight;Подожди немного перед следующим полётом;Warte einen Augenblick vor dem nächsten Flug;Espera un momento antes del próximo vuelo;Před dalším letem chvíli počkej;Wacht even voor je volgende vlucht;Attends un instant avant le prochain vol;次の飛行まで少し待ってください;다음 비행까지 잠시 기다리세요;Odczekaj chwilę przed następnym lotem;Aguarde um pouco antes do próximo voo;Bir sonraki uçuştan önce biraz bekle;Зачекайте трохи перед наступним польотом;请稍候再开始下一次飞行;請稍候再開始下一次飛行
pw_msg_tooclose;Destination is too close;Точка назначения слишком близко;Ziel ist zu nah;El destino está demasiado cerca;Cíl je příliš blízko;Bestemming is te dichtbij;La destination est trop proche;目的地が近すぎます;목적지가 너무 가깝습니다;Cel jest zbyt blisko;O destino está muito próximo;Hedef çok yakın;Пункт призначення надто близько;目的地太近;目的地太近
pw_msg_travel_start;Safe journey to you;Доброго пути;Gute Reise;Buen viaje;Šťastnou cestu;Goede reis;Bon voyage;良い旅を;안전한 여행 되세요;Szczęśliwej podróży;Boa viagem;İyi yolculuklar;Щасливої дороги;旅途平安;旅途平安
pw_msg_travel_inside;The flight will begin once you are outside. Waiting: $1;Полёт начнётся, когда ты выйдешь наружу. Ожидание: $1;Der Flug beginnt, sobald du draußen bist. Warten: $1;El vuelo comenzará cuando salgas al exterior. Esperando: $1;Let začne, až vyjdeš ven. Čekání: $1;De vlucht begint zodra je buiten bent. Wachten: $1;Le vol commencera une fois dehors. Attente : $1;外に出ると飛行が始まります。待機: $1;밖으로 나가면 비행이 시작됩니다. 대기: $1;Lot rozpocznie się, gdy wyjdziesz na zewnątrz. Oczekiwanie: $1;O voo começará quando você sair. Aguardando: $1;Uçuş dışarı çıktığında başlayacak. Bekleme: $1;Політ почнеться після виходу назовні. Очікування: $1;离开室内后开始飞行。等待：$1;離開室內後開始飛行。等待：$1
pw_ward_start_repair;Start repairing;Начать ремонт;Reparatur starten;Iniciar reparación;Začít opravy;Reparatie beginnen;Commencer la réparation;修理を開始;수리 시작;Rozpocznij naprawę;Iniciar reparo;Onarıma başla;Почати ремонт;开始修理;開始修理
pw_ward_offering_surtlingcore_description;feed an old flame to the ward, and damaged structures across ward-linked ground will be mended;накормить оберег древним пламенем, и повреждённые постройки на земле, связанной оберегами, будут восстановлены;nähre den Wächterstein mit einer alten Flamme, und beschädigte Bauten auf durch Wächtersteine verbundenem Boden werden ausgebessert;alimenta a la estatua guardiana con una llama antigua, y las estructuras dañadas en tierras unidas por estatuas guardianas serán reparadas;nakrm strážce starým plamenem a poškozené stavby na půdě spojené strážci budou opraveny;voed de verzegeling met een oude vlam, en beschadigde bouwwerken op door verzegelingen verbonden grond worden hersteld;nourris la balise d’une ancienne flamme, et les structures abîmées des terres liées par les balises seront réparées;古き炎を守護石に与えると、守護石で結ばれた地の傷ついた建物が修復される;오래된 불꽃을 경비석에 바치면 경비석으로 이어진 땅의 손상된 구조물이 수리됩니다;nakarm kamień strażniczy dawnym płomieniem, a uszkodzone budowle na ziemi powiązanej kamieniami strażniczymi zostaną naprawione;alimente a proteção com uma chama antiga, e estruturas danificadas nas terras ligadas por proteções serão reparadas;nazarlığı eski bir alevle besle, nazarlıklara bağlı topraklardaki hasarlı yapılar onarılsın;нагодуйте оберіг давнім полум’ям, і пошкоджені споруди на землі, пов’язаній оберегами, буде відновлено;以古老火焰喂养守护石，守护石相连之地的受损建筑将被修复;以古老火焰餵養保護石，保護石相連之地的受損建築將被修復
pw_ward_offering_blackcore_description;place a black core at the ward, and its buried power will strengthen nearby structures;положить чёрное ядро к оберегу, и его скрытая сила укрепит ближайшие постройки;lege einen schwarzen Kern an den Wächterstein, und seine verborgene Kraft stärkt nahe Bauten;coloca un núcleo negro junto a la estatua guardiana, y su poder enterrado reforzará las estructuras cercanas;polož černé jádro ke strážci a jeho skrytá moc zpevní okolní stavby;plaats een zwarte kern bij de verzegeling, en zijn verborgen kracht versterkt nabije bouwwerken;dépose un noyau noir auprès de la balise, et sa force enfouie renforcera les structures proches;黒核を守護石に据えると、秘められた力が近くの建物を強固にする;검은 핵을 경비석에 놓으면 묻혀 있던 힘이 근처 구조물을 단단하게 합니다;połóż czarny rdzeń przy kamieniu strażniczym, a jego ukryta moc wzmocni pobliskie budowle;coloque um núcleo negro junto à proteção, e seu poder oculto reforçará as estruturas próximas;nazarlığın yanına kara çekirdek koy, gömülü gücü yakındaki yapıları güçlendirsin;покладіть чорне ядро біля оберега, і його прихована сила зміцнить найближчі споруди;将黑暗之核置于守护石旁，它深藏的力量会加固附近建筑;將黑色核心置於保護石旁，它深藏的力量會加固附近建築
pw_ward_offering_food_description;share food with the ward, and gentle healing will pass to allies and tamed creatures;разделить пищу с оберегом, и тихое исцеление коснётся союзников и приручённых существ;teile Speise mit dem Wächterstein, und sanfte Heilung erreicht Verbündete und gezähmte Wesen;comparte comida con la estatua guardiana, y una curación suave alcanzará a aliados y criaturas domesticadas;poděl se o jídlo se strážcem a jemné uzdravení dolehne na spojence i ochočené tvory;deel voedsel met de verzegeling, en zachte genezing bereikt bondgenoten en tamme wezens;partage de la nourriture avec la balise, et une douce guérison touchera alliés et créatures apprivoisées;食べ物を守護石と分かち合うと、穏やかな癒やしが味方と飼い慣らした生き物に届く;음식을 경비석과 나누면 부드러운 치유가 아군과 길들인 생명에게 전해집니다;podziel się jedzeniem z kamieniem strażniczym, a łagodne uzdrowienie dotknie sojuszników i oswojone stworzenia;compartilhe comida com a proteção, e uma cura suave tocará aliados e criaturas domadas;yiyeceği nazarlıkla paylaş, yumuşak bir şifa dostlara ve evcilleştirilmiş canlılara ulaşsın;розділіть їжу з оберегом, і м’яке зцілення торкнеться союзників та приручених істот;与守护石分享食物，温和的治愈会传给盟友和驯服生物;與保護石分享食物，溫和的治癒會傳給盟友和馴服生物
pw_ward_offering_mead_description;pour mead before the ward, and its blessing will reach players on ward-linked ground;вылить медовуху перед оберегом, и её благословение достигнет игроков на земле, связанной оберегами;gieße Met vor dem Wächterstein aus, und sein Segen erreicht Spieler auf durch Wächtersteine verbundenem Boden;derrama hidromiel ante la estatua guardiana, y su bendición alcanzará a los jugadores en tierras unidas por estatuas guardianas;vylij medovinu před strážcem a její požehnání dolehne na hráče na půdě spojené strážci;giet mede uit voor de verzegeling, en zijn zegen bereikt spelers op door verzegelingen verbonden grond;verse de l’hydromel devant la balise, et sa bénédiction atteindra les joueurs des terres liées par les balises;蜂蜜酒を守護石の前に注ぐと、その祝福が守護石で結ばれた地のプレイヤーに届く;벌꿀술을 경비석 앞에 부으면 그 축복이 경비석으로 이어진 땅의 플레이어에게 닿습니다;wylej miód pitny przed kamieniem strażniczym, a jego błogosławieństwo dotrze do graczy na ziemi powiązanej kamieniami strażniczymi;derrame hidromel diante da proteção, e sua bênção alcançará jogadores nas terras ligadas por proteções;bal şarabını nazarlığın önüne dök, kutsaması nazarlıklara bağlı topraklardaki oyunculara ulaşsın;вилийте медовуху перед оберегом, і її благословення досягне гравців на землі, пов’язаній оберегами;在守护石前倾洒蜜酒，它的祝福会传到守护石相连之地的玩家身上;在保護石前傾灑蜜酒，它的祝福會傳到保護石相連之地的玩家身上
pw_ward_offering_thunderstone_description;offer a thunder stone, and the ward will wake the storm against enemies on ward-linked ground;преподнести громовой камень, и оберег пробудит бурю против врагов на земле, связанной оберегами;opfere einen Donnerstein, und der Wächterstein weckt den Sturm gegen Feinde auf durch Wächtersteine verbundenem Boden;ofrece una piedra del trueno, y la estatua guardiana despertará la tormenta contra enemigos en tierras unidas por estatuas guardianas;obětuj hromový kámen a strážce probudí bouři proti nepřátelům na půdě spojené strážci;offer een dondersteen, en de verzegeling wekt de storm tegen vijanden op door verzegelingen verbonden grond;offre une pierre de tonnerre, et la balise éveillera l’orage contre les ennemis des terres liées par les balises;雷の石を捧げると、守護石が嵐を呼び起こし、守護石で結ばれた地の敵を討つ;천둥석을 바치면 경비석이 폭풍을 깨워 경비석으로 이어진 땅의 적을 칩니다;ofiaruj kamień grzmotu, a kamień strażniczy obudzi burzę przeciw wrogom na ziemi powiązanej kamieniami strażniczymi;ofereça uma pedra do trovão, e a proteção despertará a tempestade contra inimigos nas terras ligadas por proteções;şimşek taşını ada, nazarlık fırtınayı uyandırıp nazarlıklara bağlı topraklardaki düşmanlara saldırsın;принесіть громовий камінь, і оберіг пробудить бурю проти ворогів на землі, пов’язаній оберегами;献上雷电石，守护石会唤醒风暴，打击守护石相连之地的敌人;獻上雷電石，保護石會喚醒風暴，打擊保護石相連之地的敵人
pw_ward_offering_trophies_description;hang a trophy before the ward, and creatures of the same kind on ward-linked ground will perish;повесить трофей перед оберегом, и существа того же вида на земле, связанной оберегами, погибнут;hänge eine Trophäe vor den Wächterstein, und Kreaturen derselben Art auf durch Wächtersteine verbundenem Boden werden vergehen;cuelga un trofeo ante la estatua guardiana, y las criaturas de la misma especie en tierras unidas por estatuas guardianas perecerán;pověs trofej před strážcem a tvorové stejného druhu na půdě spojené strážci zahynou;hang een trofee voor de verzegeling, en wezens van dezelfde soort op door verzegelingen verbonden grond zullen vergaan;suspends un trophée devant la balise, et les créatures du même genre sur les terres liées par les balises périront;トロフィーを守護石の前に掲げると、守護石で結ばれた地の同じ種の生き物が滅びる;트로피를 경비석 앞에 걸면 경비석으로 이어진 땅의 같은 종류 생명체가 쓰러집니다;zawieś trofeum przed kamieniem strażniczym, a stworzenia tego samego rodzaju na ziemi powiązanej kamieniami strażniczymi zginą;pendure um troféu diante da proteção, e criaturas do mesmo tipo nas terras ligadas por proteções perecerão;nazarlığın önüne bir kupa as, nazarlıklara bağlı topraklardaki aynı tür yaratıklar yok olsun;повісьте трофей перед оберегом, і істоти того самого виду на землі, пов’язаній оберегами, загинуть;在守护石前悬挂战利品，守护石相连之地的同类生物将会消亡;在保護石前懸掛戰利品，保護石相連之地的同類生物將會消亡
pw_ward_offering_bosstrophies;Boss trophy;Трофей босса;Boss-Trophäe;Trofeo de jefe;Trofej bosse;Baas-trofee;Trophée de boss;ボストロフィー;보스 트로피;Trofeum bossa;Troféu de chefe;Boss kupası;Трофей боса;首领战利品;首領戰利品
pw_ward_offering_bosstrophies_description;show a boss trophy to summon a Valkyrie for a flight to the Sacrificial Stones;показать трофей босса, чтобы призвать валькирию для полёта к Жертвенным камням;zeige eine Boss-Trophäe, um eine Walküre zum Flug zu den Opfersteinen zu rufen;muestra un trofeo de jefe para llamar a una valquiria en vuelo hacia las piedras de sacrificio;ukaž trofej bosse a přivolej valkýru k letu k Obětním kamenům;toon een baas-trofee om een valkyrie op te roepen voor een vlucht naar de Offerstenen;montre un trophée de boss pour appeler une Valkyrie en vol vers les Pierres sacrificielles;ボストロフィーを示し、犠牲の石へ飛ぶヴァルキリーを呼ぶ;보스 트로피를 보이면 제물의 돌로 날아갈 발키리를 부릅니다;pokaż trofeum bossa, aby wezwać Walkirię do lotu ku Kamieniom Ofiarnym;mostre um troféu de chefe para chamar uma Valquíria em voo até as pedras de sacrifício;boss kupasını göstererek Kurban Taşları’na uçacak bir Valkyrie çağır;покажіть трофей боса, щоб покликати валькірію в політ до Священних каменів;展示首领战利品，召唤女武神飞往献祭石;展示首領戰利品，召喚女武神飛往獻祭石碑
pw_ward_offering_bosstrophies_consumed_description;offer a boss trophy to summon a Valkyrie for a flight to the Sacrificial Stones;отдать трофей босса, чтобы призвать валькирию для полёта к Жертвенным камням;opfere eine Boss-Trophäe, um eine Walküre zum Flug zu den Opfersteinen zu rufen;entrega un trofeo de jefe para llamar a una valquiria en vuelo hacia las piedras de sacrificio;obětuj trofej bosse a přivolej valkýru k letu k Obětním kamenům;offer een baas-trofee om een valkyrie op te roepen voor een vlucht naar de Offerstenen;offre un trophée de boss pour appeler une Valkyrie en vol vers les Pierres sacrificielles;ボストロフィーを捧げ、犠牲の石へ飛ぶヴァルキリーを呼ぶ;보스 트로피를 바치면 제물의 돌로 날아갈 발키리를 부릅니다;oddaj trofeum bossa, aby wezwać Walkirię do lotu ku Kamieniom Ofiarnym;ofereça um troféu de chefe para chamar uma Valquíria em voo até as pedras de sacrifício;boss kupasını ada ve Kurban Taşları’na uçacak bir Valkyrie çağır;віддайте трофей боса, щоб покликати валькірію в політ до Священних каменів;献上首领战利品，召唤女武神飞往献祭石;獻上首領戰利品，召喚女武神飛往獻祭石碑
pw_ward_offering_ymirremains_description;lay Ymir flesh at the ward, and crops on ward-linked ground will hurry toward harvest;положить плоть Имира к оберегу, и растения на земле, связанной оберегами, поспешат к урожаю;lege Ymirs Fleisch an den Wächterstein, und Pflanzen auf durch Wächtersteine verbundenem Boden eilen der Ernte entgegen;deja carne de Ymir junto a la estatua guardiana, y los cultivos en tierras unidas por estatuas guardianas correrán hacia la cosecha;polož Ymirovo maso ke strážci a rostliny na půdě spojené strážci pospíší ke sklizni;leg Ymirs vlees bij de verzegeling, en gewassen op door verzegelingen verbonden grond haasten zich naar de oogst;dépose de la chair d’Ymir auprès de la balise, et les cultures des terres liées par les balises hâteront leur récolte;ユミルの肉を守護石に供えると、守護石で結ばれた地の作物が収穫へ急ぐ;이미르의 살점을 경비석에 놓으면 경비석으로 이어진 땅의 작물이 수확을 향해 서두릅니다;złóż ciało Ymira przy kamieniu strażniczym, a uprawy na ziemi powiązanej kamieniami strażniczymi pospieszą ku zbiorom;deposite carne de Ymir junto à proteção, e as plantações nas terras ligadas por proteções correrão para a colheita;Ymir etini nazarlığın yanına bırak, nazarlıklara bağlı topraklardaki ekinler hasada doğru acele etsin;покладіть плоть Іміра біля оберега, і рослини на землі, пов’язаній оберегами, поспішать до врожаю;将尤弥尔之身放在守护石旁，守护石相连之地的作物会迅速成熟;將尤彌爾血肉放在保護石旁，保護石相連之地的作物會迅速成熟
pw_ward_offering_eitr_description;imbue the ward with refined Eitr, and plants will take root where the land would normally refuse them;напитать оберег переработанным эйтром, и растения пустят корни даже там, где земля обычно им противится;durchtränke den Wächterstein mit verfeinertem Eitr, und Pflanzen schlagen Wurzeln, wo die Erde sie sonst verweigert;imbuye a la estatua guardiana con eitr refinado, y las plantas echarán raíz donde la tierra normalmente las rechazaría;napoj strážce zpracovaným Éitrem a rostliny zakoření i tam, kde by je země obvykle odmítla;doordrenk de verzegeling met Refined Eitr, en planten wortelen waar de grond ze normaal zou weigeren;imprègne la balise d’eitr raffiné, et les plantes prendront racine là où la terre les refuserait d’ordinaire;精製エイトルを守護石に染み込ませると、本来なら拒む土地にも植物が根を下ろす;정제된 에이트르로 경비석을 물들이면 땅이 보통 거부할 곳에도 식물이 뿌리내립니다;nasyć kamień strażniczy rafinowanym eitrem, a rośliny zapuszczą korzenie tam, gdzie ziemia zwykle by je odrzuciła;imbua a proteção com Éter refinado, e plantas criarão raízes onde a terra normalmente as recusaria;nazarlığı arıtılmış eitr ile işle, bitkiler toprağın normalde reddedeceği yerde bile kök salsın;просочіть оберіг очищеним ейтіром, і рослини пустять коріння навіть там, де земля зазвичай їм опирається;以埃达精华浸润守护石，植物会在平常抗拒它们的土地上扎根;以精煉的巨蛇之毒浸潤保護石，植物會在平常抗拒它們的土地上扎根
pw_ward_offering_dragonegg_description;present a dragon egg after Moder has fallen, and her power will pass to players on ward-linked ground;после победы над Матерью преподнести драконье яйцо, и её сила перейдёт к игрокам на земле, связанной оберегами;bringe ein Drachenei dar, nachdem Moder gefallen ist, und ihre Macht geht auf Spieler auf durch Wächtersteine verbundenem Boden über;presenta un huevo de dragón tras la caída de Moder, y su poder pasará a los jugadores en tierras unidas por estatuas guardianas;předlož dračí vejce po pádu Moder a její moc přejde na hráče na půdě spojené strážci;bied een drakenei aan nadat Moder is gevallen, en haar kracht gaat over op spelers op door verzegelingen verbonden grond;présente un œuf de dragon après la chute de Moder, et son pouvoir passera aux joueurs des terres liées par les balises;モデルを倒した後にドラゴンの卵を捧げると、その力が守護石で結ばれた地のプレイヤーへ渡る;모더가 쓰러진 뒤 용의 알을 바치면 그녀의 힘이 경비석으로 이어진 땅의 플레이어에게 전해집니다;przedstaw smocze jajo po upadku Moder, a jej moc przejdzie na graczy na ziemi powiązanej kamieniami strażniczymi;apresente um ovo de dragão depois da queda de Moder, e o poder dela passará aos jogadores nas terras ligadas por proteções;Moder düştükten sonra bir ejderha yumurtası sun, onun gücü nazarlıklara bağlı topraklardaki oyunculara geçsin;після перемоги над Матір’ю піднесіть драконяче яйце, і її сила перейде до гравців на землі, пов’язаній оберегами;击败冰霜龙母后献上龙蛋，她的力量会传给守护石相连之地的玩家;擊敗摩德寒冰龍後獻上龍蛋，她的力量會傳給保護石相連之地的玩家
pw_ward_offering_coins_description;pay the trader’s price to summon a Valkyrie for a flight to Haldor;заплатить цену торговца, чтобы призвать валькирию для полёта к Хальдору;zahle den Preis des Händlers, um eine Walküre zum Flug zu Haldor zu rufen;paga el precio del mercader para llamar a una valquiria en vuelo hacia Haldor;zaplať cenu obchodníka a přivolej valkýru k letu za Haldorem;betaal de prijs van de handelaar om een valkyrie op te roepen voor een vlucht naar Haldor;paie le prix du marchand pour appeler une Valkyrie en vol vers Haldor;商人の代価を払い、ハルドールへ飛ぶヴァルキリーを呼ぶ;상인의 값을 치르고 할도르에게 날아갈 발키리를 부릅니다;zapłać cenę kupca, aby wezwać Walkirię do lotu ku Haldorowi;pague o preço do mercador para chamar uma Valquíria em voo até Haldor;tüccarın bedelini ödeyerek Haldor’a uçacak bir Valkyrie çağır;сплатіть ціну торговця, щоб покликати валькірію в політ до Гальдора;支付商人的价钱，召唤女武神飞往霍尔德;支付商人的價錢，召喚女武神飛往哈爾多
pw_ward_offering_hildirchest;Hildir’s chest;Сундук Хильдир;Hildirs Truhe;Cofre de Hildir;Hildiřina truhla;Hildirs kist;Coffre de Hildir;ヒルディルの宝箱;힐디르의 상자;Skrzynia Hildir;Baú de Hildir;Hildir’in sandığı;Скриня Гільдір;希尔德的宝箱;希爾德的寶箱
pw_ward_offering_hildirchest_description;show one of Hildir’s chests to summon a Valkyrie for a flight to Hildir, and the chest will remain with you;показать один из сундуков Хильдир, чтобы призвать валькирию для полёта к Хильдир, и сундук останется при тебе;zeige eine von Hildirs Truhen, um eine Walküre zum Flug zu Hildir zu rufen, und die Truhe bleibt bei dir;muestra uno de los cofres de Hildir para llamar a una valquiria en vuelo hacia Hildir, y el cofre seguirá contigo;ukaž jednu z Hildiřiných truhel a přivolej valkýru k letu za Hildir, truhla ti zůstane;toon een van Hildirs kisten om een valkyrie op te roepen voor een vlucht naar Hildir, en de kist blijft bij je;montre l’un des coffres de Hildir pour appeler une Valkyrie en vol vers Hildir, et le coffre restera avec toi;ヒルディルの宝箱を一つ示すと、ヒルディルへ飛ぶヴァルキリーを呼べる。宝箱は手元に残る;힐디르의 상자 하나를 보이면 힐디르에게 날아갈 발키리를 부릅니다. 상자는 그대로 남습니다;pokaż jedną ze skrzyń Hildir, aby wezwać Walkirię do lotu ku Hildir, a skrzynia zostanie przy tobie;mostre um dos baús de Hildir para chamar uma Valquíria em voo até Hildir, e o baú continuará com você;Hildir’in sandıklarından birini göstererek Hildir’e uçacak bir Valkyrie çağır, sandık sende kalır;покажіть одну зі скринь Гільдір, щоб покликати валькірію в політ до Гільдір, і скриня залишиться у вас;展示一个希尔德的宝箱，召唤女武神飞往希尔德，宝箱仍会留在你身边;展示一個希爾德的寶箱，召喚女武神飛往希爾德，寶箱仍會留在你身邊
pw_ward_offering_hildiritem_description;offer a useful tribute to summon a Valkyrie for a flight to Hildir;преподнести полезное подношение, чтобы призвать валькирию для полёта к Хильдир;bringe eine nützliche Gabe dar, um eine Walküre zum Flug zu Hildir zu rufen;ofrece un tributo útil para llamar a una valquiria en vuelo hacia Hildir;přines užitečnou poctu a přivolej valkýru k letu za Hildir;bied een nuttige gave aan om een valkyrie op te roepen voor een vlucht naar Hildir;offre un tribut utile pour appeler une Valkyrie en vol vers Hildir;役立つ捧げ物を供え、ヒルディルへ飛ぶヴァルキリーを呼ぶ;쓸모 있는 공물을 바쳐 힐디르에게 날아갈 발키리를 부릅니다;złóż przydatną daninę, aby wezwać Walkirię do lotu ku Hildir;ofereça um tributo útil para chamar uma Valquíria em voo até Hildir;yararlı bir adak sunarak Hildir’e uçacak bir Valkyrie çağır;піднесіть корисне підношення, щоб покликати валькірію в політ до Гільдір;献上有用的供品，召唤女武神飞往希尔德;獻上有用的供品，召喚女武神飛往希爾德
pw_ward_offering_bogwitchitem_description;offer a fitting tribute to summon a Valkyrie for a flight to the Bog Witch;преподнести подходящее подношение, чтобы призвать валькирию для полёта к Болотной ведьме;bringe eine passende Gabe dar, um eine Walküre zum Flug zur Sumpfhexe zu rufen;ofrece un tributo adecuado para llamar a una valquiria en vuelo hacia la Bruja del Pantano;přines vhodnou poctu a přivolej valkýru k letu za Bažinnou čarodějnicí;bied een passende gave aan om een valkyrie op te roepen voor een vlucht naar de Moerasheks;offre un tribut approprié pour appeler une Valkyrie en vol vers la Sorcière des marais;ふさわしい捧げ物を供え、沼の魔女へ飛ぶヴァルキリーを呼ぶ;알맞은 공물을 바쳐 늪지 마녀에게 날아갈 발키리를 부릅니다;złóż właściwą daninę, aby wezwać Walkirię do lotu ku Wiedźmie z Bagien;ofereça um tributo adequado para chamar uma Valquíria em voo até a Bruxa do Pântano;uygun bir adak sunarak Bataklık Cadısı’na uçacak bir Valkyrie çağır;піднесіть належне підношення, щоб покликати валькірію в політ до Болотної відьми;献上合适的供品，召唤女武神飞往沼泽女巫;獻上合適的供品，召喚女武神飛往沼澤女巫
pw_ward_open_settings;Open settings;Открыть настройки;Einstellungen öffnen;Abrir ajustes;Otevřít nastavení;Instellingen openen;Ouvrir les paramètres;設定を開く;설정 열기;Otwórz ustawienia;Abrir configurações;Ayarları aç;Відкрити налаштування;打开设置;開啟設定
pw_ward_settings_title;Ward settings;Настройки оберега;Wächterstein-Einstellungen;Ajustes de la estatua guardiana;Nastavení strážce;Verzegelingsinstellingen;Paramètres de la balise;守護石の設定;경비석 설정;Ustawienia kamienia strażniczego;Configurações da proteção;Nazarlık ayarları;Налаштування оберега;守护石设置;保護石設定
pw_ward_settings_use_default;Use default;По умолчанию;Standard nutzen;Usar predeterminado;Použít výchozí;Standaard;Par défaut;既定を使用;기본값 사용;Domyślne;Usar padrão;Varsayılan;За замовч.;使用默认;使用預設
pw_ward_settings_value;Value;Значение;Wert;Valor;Hodnota;Waarde;Valeur;値;값;Wartość;Valor;Değer;Значення;值;值
pw_ward_settings_apply;Apply to ward;Применить к оберегу;Auf Wächterstein anwenden;Aplicar a la estatua guardiana;Použít na strážce;Toepassen op verzegeling;Appliquer à la balise;守護石に適用;경비석에 적용;Zastosuj do kamienia strażniczego;Aplicar à proteção;Nazarlığa uygula;Застосувати до оберега;应用到守护石;套用到保護石
pw_ward_settings_cancel;Cancel;Отмена;Abbrechen;Cancelar;Zrušit;Annuleren;Annuler;キャンセル;취소;Anuluj;Cancelar;İptal;Скасувати;取消;取消
pw_ward_settings_applied;Ward settings applied;Настройки оберега применены;Wächterstein-Einstellungen angewendet;Ajustes de la estatua guardiana aplicados;Nastavení strážce použito;Verzegelingsinstellingen toegepast;Paramètres de la balise appliqués;守護石の設定を適用しました;경비석 설정이 적용되었습니다;Ustawienia kamienia strażniczego zastosowane;Configurações da proteção aplicadas;Nazarlık ayarları uygulandı;Налаштування оберега застосовано;守护石设置已应用;保護石設定已套用
pw_ward_settings_bubble_enabled;Show sphere;Показывать сферу;Sphäre anzeigen;Mostrar esfera;Zobrazit sféru;Sfeer tonen;Afficher la sphère;球体を表示;구체 표시;Pokaż sferę;Mostrar esfera;Küreyi göster;Показувати сферу;显示球体;顯示球體
pw_ward_settings_bubble_color;Sphere color;Цвет сферы;Sphärenfarbe;Color de la esfera;Barva sféry;Kleur van de sfeer;Couleur de la sphère;球体の色;구체 색상;Kolor sfery;Cor da esfera;Küre rengi;Колір сфери;球体颜色;球體顏色
pw_ward_settings_bubble_refraction;Sphere refraction;Преломление сферы;Sphärenbrechung;Refracción de la esfera;Lom sféry;Breking van de sfeer;Réfraction de la sphère;球体の屈折;구체 굴절;Załamanie sfery;Refração da esfera;Küre kırılması;Заломлення сфери;球体折射;球體折射
pw_ward_settings_bubble_wave;Sphere wave intensity;Искажение сферы;Sphärenwellenstärke;Intensidad de onda de la esfera;Síla vln sféry;Golfsterkte van de sfeer;Intensité d’onde de la sphère;球体の波の強さ;구체 파동 강도;Siła fal sfery;Intensidade de onda da esfera;Küre dalga yoğunluğu;Інтенсивність хвиль сфери;球体波动强度;球體波動強度
pw_ward_settings_bubble_glossiness;Sphere glossiness;Глянец сферы;Sphärenglanz;Brillo de la esfera;Lesk sféry;Glans van de sfeer;Brillance de la sphère;球体の光沢;구체 광택;Połysk sfery;Brilho da esfera;Küre parlaklığı;Глянець сфери;球体光泽;球體光澤
pw_ward_settings_bubble_metallic;Sphere metallic;Металличность сферы;Sphärenmetallizität;Metalizado de la esfera;Kovovost sféry;Metaalgehalte van de sfeer;Métallicité de la sphère;球体の金属感;구체 금속성;Metaliczność sfery;Aspecto metálico da esfera;Küre metalliği;Металічність сфери;球体金属感;球體金屬感
pw_ward_settings_bubble_normal;Sphere normal scale;Масштаб нормалей сферы;Normalen-Skalierung der Sphäre;Escala de normales de la esfera;Měřítko normál sféry;Normaalschaal van de sfeer;Échelle des normales de la sphère;球体の法線スケール;구체 노멀 스케일;Skala normalnych sfery;Escala de normais da esfera;Küre normal ölçeği;Масштаб нормалей сфери;球体法线缩放;球體法線縮放
pw_ward_settings_bubble_depth;Sphere depth fade;Затухание глубины сферы;Tiefenausblendung der Sphäre;Desvanecimiento de profundidad de la esfera;Útlum hloubky sféry;Dieptevervaging van de sfeer;Fondu de profondeur de la sphère;球体の深度フェード;구체 깊이 페이드;Zanikanie głębi sfery;Esmaecimento de profundidade da esfera;Küre derinlik sönümü;Згасання глибини сфери;球体深度淡化;球體深度淡化
pw_ward_settings_custom_range;Use custom range;Использовать свой радиус;Eigenen Radius nutzen;Usar radio propio;Použít vlastní dosah;Eigen bereik gebruiken;Utiliser un rayon personnalisé;独自の範囲を使用;사용자 범위 사용;Użyj własnego zasięgu;Usar alcance próprio;Özel menzil kullan;Використовувати свій радіус;使用自定义范围;使用自訂範圍
pw_ward_settings_range;Ward range;Радиус оберега;Wächterstein-Radius;Radio de la estatua guardiana;Dosah strážce;Verzegelingsbereik;Rayon de la balise;守護石の範囲;경비석 범위;Zasięg kamienia strażniczego;Alcance da proteção;Nazarlık menzili;Радіус оберега;守护石范围;保護石範圍
pw_ward_settings_emission_enabled;Use custom glow color;Использовать свой цвет свечения;Eigene Leuchtfarbe nutzen;Usar color de brillo propio;Použít vlastní barvu záře;Eigen gloedkleur gebruiken;Utiliser une couleur de lueur personnalisée;独自の発光色を使用;사용자 빛 색상 사용;Użyj własnego koloru poświaty;Usar cor de brilho própria;Özel parıltı rengi kullan;Використовувати свій колір світіння;使用自定义发光颜色;使用自訂發光顏色
pw_ward_settings_emission_color;Glow color;Цвет свечения;Leuchtfarbe;Color de brillo;Barva záře;Gloedkleur;Couleur de lueur;発光色;빛 색상;Kolor poświaty;Cor do brilho;Parıltı rengi;Колір світіння;发光颜色;發光顏色
pw_ward_settings_emission_multiplier;Glow color multiplier;Множитель цвета свечения;Leuchtfarben-Multiplikator;Multiplicador del color de brillo;Násobitel barvy záře;Gloedkleurvermenigvuldiger;Multiplicateur de couleur de lueur;発光色の倍率;빛 색상 배율;Mnożnik koloru poświaty;Multiplicador da cor do brilho;Parıltı rengi çarpanı;Множник кольору світіння;发光颜色倍率;發光顏色倍率
pw_ward_settings_circle_enabled;Customize ward circle;Настраивать круг оберега;Wächterstein-Kreis anpassen;Personalizar círculo de la estatua guardiana;Přizpůsobit kruh strážce;Verzegelingscirkel aanpassen;Personnaliser le cercle de la balise;守護石の円を調整;경비석 원 사용자 지정;Dostosuj krąg kamienia strażniczego;Personalizar círculo da proteção;Nazarlık çemberini özelleştir;Налаштовувати коло оберега;自定义守护石圆环;自訂保護石圓環
pw_ward_settings_circle_start;Circle start color;Начальный цвет круга;Startfarbe des Kreises;Color inicial del círculo;Počáteční barva kruhu;Startkleur van cirkel;Couleur de départ du cercle;円の開始色;원 시작 색상;Kolor początkowy kręgu;Cor inicial do círculo;Çember başlangıç rengi;Початковий колір кола;圆环起始颜色;圓環起始顏色
pw_ward_settings_circle_end;Circle end color;Конечный цвет круга;Endfarbe des Kreises;Color final del círculo;Koncová barva kruhu;Eindkleur van cirkel;Couleur de fin du cercle;円の終了色;원 끝 색상;Kolor końcowy kręgu;Cor final do círculo;Çember bitiş rengi;Кінцевий колір кола;圆环结束颜色;圓環結束顏色
pw_ward_settings_circle_speed;Circle speed;Скорость круга;Kreisgeschwindigkeit;Velocidad del círculo;Rychlost kruhu;Cirkelsnelheid;Vitesse du cercle;円の速度;원 속도;Prędkość kręgu;Velocidade do círculo;Çember hızı;Швидкість кола;圆环速度;圓環速度
pw_ward_settings_circle_length;Circle line length;Длина линий круга;Linienlänge des Kreises;Longitud de línea del círculo;Délka čar kruhu;Lijnlengte van cirkel;Longueur des lignes du cercle;円の線の長さ;원 선 길이;Długość linii kręgu;Comprimento das linhas do círculo;Çember çizgi uzunluğu;Довжина ліній кола;圆环线长度;圓環線長度
pw_ward_settings_circle_width;Circle line width;Ширина линий круга;Linienbreite des Kreises;Ancho de línea del círculo;Šířka čar kruhu;Lijnbreedte van cirkel;Largeur des lignes du cercle;円の線の幅;원 선 너비;Szerokość linii kręgu;Largura das linhas do círculo;Çember çizgi genişliği;Ширина ліній кола;圆环线宽度;圓環線寬度
pw_ward_settings_circle_amount;Circle line count;Количество линий круга;Anzahl Kreislinien;Cantidad de líneas del círculo;Počet čar kruhu;Aantal cirkellijnen;Nombre de lignes du cercle;円の線の数;원 선 개수;Liczba linii kręgu;Quantidade de linhas do círculo;Çember çizgi sayısı;Кількість ліній кола;圆环线数量;圓環線數量
pw_ward_settings_set_color;Set color;Задать цвет;Farbe setzen;Definir color;Nastavit barvu;Kleur instellen;Définir la couleur;色を設定;색상 설정;Ustaw kolor;Definir cor;Renk ayarla;Задати колір;设置颜色;設定顏色
pw_ward_settings_open;Open;Открыть;Öffnen;Abrir;Otevřít;Openen;Ouvrir;開く;열기;Otwórz;Abrir;Aç;Відкрити;打开;開啟
pw_ward_settings_back;Back;Назад;Zurück;Atrás;Zpět;Terug;Retour;戻る;뒤로;Wstecz;Voltar;Geri;Назад;返回;返回
pw_ward_settings_section_range;Range;Радиус;Radius;Radio;Dosah;Bereik;Rayon;範囲;범위;Zasięg;Alcance;Menzil;Радіус;范围;範圍
pw_ward_settings_section_visuals;Visuals;Визуал;Darstellung;Aspecto;Vzhled;Uiterlijk;Visuels;表示;시각 효과;Wygląd;Visual;Görseller;Візуал;视觉;視覺
pw_ward_settings_visuals;Ward visual settings;Настройки визуала оберега;Darstellung des Wächtersteins;Ajustes visuales de la estatua guardiana;Nastavení vzhledu strážce;Visuele instellingen van de verzegeling;Paramètres visuels de la balise;守護石の表示設定;경비석 시각 설정;Ustawienia wyglądu kamienia strażniczego;Configurações visuais da proteção;Nazarlık görsel ayarları;Налаштування візуалу оберега;守护石视觉设置;保護石視覺設定
pw_ward_settings_visuals_title;Ward visuals;Визуал оберега;Wächterstein-Darstellung;Aspecto de la estatua guardiana;Vzhled strážce;Uiterlijk van de verzegeling;Visuels de la balise;守護石の表示;경비석 시각 효과;Wygląd kamienia strażniczego;Visual da proteção;Nazarlık görselleri;Візуал оберега;守护石视觉;保護石視覺
pw_ward_settings_section_emission;Glow;Свечение;Leuchten;Brillo;Záře;Gloed;Lueur;発光;빛;Poświata;Brilho;Parıltı;Світіння;发光;發光
pw_ward_settings_section_bubble;Sphere;Сфера;Sphäre;Esfera;Sféra;Sfeer;Sphère;球体;구체;Sfera;Esfera;Küre;Сфера;球体;球體
pw_ward_settings_section_circle;Ward circle;Круг оберега;Wächterstein-Kreis;Círculo de la estatua guardiana;Kruh strážce;Verzegelingscirkel;Cercle de la balise;守護石の円;경비석 원;Krąg kamienia strażniczego;Círculo da proteção;Nazarlık çemberi;Коло оберега;守护石圆环;保護石圓環
pw_ward_settings_bubble_visual;Sphere visual settings;Настройки визуала сферы;Sphärenvisuals;Visual de la esfera;Vzhled sféry;Sfeervisuals;Visuel de la sphère;球体の表示設定;구체 시각 설정;Wygląd sfery;Visual da esfera;Küre görsel ayarları;Налаштування візуалу сфери;球体视觉设置;球體視覺設定
pw_ward_settings_circle_visual;Circle visual settings;Настройки визуала круга;Kreisvisuals;Visual del círculo;Vzhled kruhu;Cirkelvisuals;Visuel du cercle;円の表示設定;원 시각 설정;Wygląd kręgu;Visual do círculo;Çember görsel ayarları;Налаштування візуалу кола;圆环视觉设置;圓環視覺設定
pw_ward_settings_bubble_visual_title;Sphere visual settings;Настройки визуала сферы;Sphärenvisuals;Visual de la esfera;Vzhled sféry;Sfeervisuals;Visuel de la sphère;球体の表示設定;구체 시각 설정;Wygląd sfery;Visual da esfera;Küre görsel ayarları;Налаштування візуалу сфери;球体视觉设置;球體視覺設定
pw_ward_settings_circle_visual_title;Circle visual settings;Настройки визуала круга;Kreisvisuals;Visual del círculo;Vzhled kruhu;Cirkelvisuals;Visuel du cercle;円の表示設定;원 시각 설정;Wygląd kręgu;Visual do círculo;Çember görsel ayarları;Налаштування візуалу кола;圆环视觉设置;圓環視覺設定
pw_ward_password_section;Password protection;Защита паролем;Passwortschutz;Protección con contraseña;Ochrana heslem;Wachtwoordbeveiliging;Protection par mot de passe;パスワード保護;비밀번호 보호;Ochrona hasłem;Proteção por senha;Parola koruması;Захист паролем;密码保护;密碼保護
pw_ward_password_settings;Password protection settings;Настройки парольного доступа;Passwortschutz-Einstellungen;Ajustes de protección con contraseña;Nastavení ochrany heslem;Instellingen voor wachtwoordbeveiliging;Paramètres de protection par mot de passe;パスワード保護設定;비밀번호 보호 설정;Ustawienia ochrony hasłem;Configurações de proteção por senha;Parola koruması ayarları;Налаштування захисту паролем;密码保护设置;密碼保護設定
pw_ward_password_settings_title;Ward password settings;Настройки пароля оберега;Wächterstein-Passwort;Contraseña de la protección;Heslo ochranného kamene;Wachtwoord van de verzegeling;Mot de passe de la balise;守護石のパスワード設定;경비석 비밀번호 설정;Hasło kamienia strażniczego;Senha da proteção;Nazarlık parola ayarları;Налаштування пароля оберега;守护石密码设置;保護石密碼設定
pw_ward_password_enabled;Enable password access;Включить доступ по паролю;Passwortzugang aktivieren;Activar acceso con contraseña;Povolit přístup heslem;Toegang met wachtwoord inschakelen;Activer l’accès par mot de passe;パスワードでのアクセスを有効化;비밀번호 접근 활성화;Włącz dostęp za pomocą hasła;Ativar acesso por senha;Parolayla erişimi etkinleştir;Увімкнути доступ за паролем;启用密码访问;啟用密碼存取
pw_ward_password_status;Password status;Состояние пароля;Passwortstatus;Estado de la contraseña;Stav hesla;Wachtwoordstatus;État du mot de passe;パスワードの状態;비밀번호 상태;Stan hasła;Status da senha;Parola durumu;Стан пароля;密码状态;密碼狀態
pw_ward_password_value;Password;Пароль;Passwort;Contraseña;Heslo;Wachtwoord;Mot de passe;パスワード;비밀번호;Hasło;Senha;Parola;Пароль;密码;密碼
pw_ward_password_new;New password;Новый пароль;Neues Passwort;Nueva contraseña;Nové heslo;Nieuw wachtwoord;Nouveau mot de passe;新しいパスワード;새 비밀번호;Nowe hasło;Nova senha;Yeni parola;Новий пароль;新密码;新密碼
pw_ward_password_is_set;Set;Установлен;Gesetzt;Establecida;Nastaveno;Ingesteld;Défini;設定済み;설정됨;Ustawione;Definida;Ayarlı;Установлено;已设置;已設定
pw_ward_password_not_set;Not set;Не установлен;Nicht gesetzt;No establecida;Nenastaveno;Niet ingesteld;Non défini;未設定;설정되지 않음;Nie ustawiono;Não definida;Ayarlı değil;Не встановлено;未设置;未設定
pw_ward_password_set_new;Set new password;Установить новый пароль;Neues Passwort setzen;Establecer nueva contraseña;Nastavit nové heslo;Nieuw wachtwoord instellen;Définir un nouveau mot de passe;新しいパスワードを設定;새 비밀번호 설정;Ustaw nowe hasło;Definir nova senha;Yeni parola belirle;Установити новий пароль;设置新密码;設定新密碼
pw_ward_password_remove;Remove password;Удалить пароль;Passwort entfernen;Eliminar contraseña;Odstranit heslo;Wachtwoord verwijderen;Supprimer le mot de passe;パスワードを削除;비밀번호 제거;Usuń hasło;Remover senha;Parolayı kaldır;Видалити пароль;移除密码;移除密碼
pw_ward_password_hash_note;Players can enter the ward password to add themselves to the permitted list without disabling the ward.;Игроки могут ввести пароль варда, чтобы самостоятельно добавиться в список разрешённых игроков, не отключая вард.;Spieler können das Passwort des Wächtersteins eingeben, um sich selbst zur Liste der zugelassenen Spieler hinzuzufügen, ohne den Wächterstein zu deaktivieren.;Los jugadores pueden introducir la contraseña del guardián para añadirse a la lista de jugadores autorizados sin desactivar el guardián.;Hráči mohou zadat heslo ochranného kamene a sami se přidat do seznamu povolených hráčů, aniž by ochranný kámen vypnuli.;Spelers kunnen het wachtwoord van de ward invoeren om zichzelf aan de lijst met toegestane spelers toe te voegen zonder de ward uit te schakelen.;Les joueurs peuvent saisir le mot de passe de la balise pour s’ajouter eux-mêmes à la liste des joueurs autorisés sans désactiver la balise.;プレイヤーは守護石を無効にせず、パスワードを入力して自分を許可済みプレイヤー一覧に追加できます。;플레이어는 수호석을 비활성화하지 않고 비밀번호를 입력해 자신을 허용된 플레이어 목록에 추가할 수 있습니다.;Gracze mogą wpisać hasło strażnika, aby samodzielnie dodać się do listy dozwolonych graczy bez wyłączania strażnika.;Os jogadores podem inserir a senha da proteção para se adicionar à lista de jogadores permitidos sem desativar a proteção.;Oyuncular, muhafızı devre dışı bırakmadan parolayı girerek kendilerini izinli oyuncular listesine ekleyebilir.;Гравці можуть ввести пароль варда, щоб самостійно додатися до списку дозволених гравців, не вимикаючи вард.;玩家可以输入守护石密码，将自己加入许可玩家列表，而无需关闭守护石。;玩家可以輸入保護石密碼，將自己加入允許玩家清單，而無需停用保護石。
pw_ward_password_plaintext_note;Players can enter the ward password to add themselves to the permitted list without disabling the ward.;Игроки могут ввести пароль варда, чтобы самостоятельно добавиться в список разрешённых игроков, не отключая вард.;Spieler können das Passwort des Wächtersteins eingeben, um sich selbst zur Liste der zugelassenen Spieler hinzuzufügen, ohne den Wächterstein zu deaktivieren.;Los jugadores pueden introducir la contraseña del guardián para añadirse a la lista de jugadores autorizados sin desactivar el guardián.;Hráči mohou zadat heslo ochranného kamene a sami se přidat do seznamu povolených hráčů, aniž by ochranný kámen vypnuli.;Spelers kunnen het wachtwoord van de ward invoeren om zichzelf aan de lijst met toegestane spelers toe te voegen zonder de ward uit te schakelen.;Les joueurs peuvent saisir le mot de passe de la balise pour s’ajouter eux-mêmes à la liste des joueurs autorisés sans désactiver la balise.;プレイヤーは守護石を無効にせず、パスワードを入力して自分を許可済みプレイヤー一覧に追加できます。;플레이어는 수호석을 비활성화하지 않고 비밀번호를 입력해 자신을 허용된 플레이어 목록에 추가할 수 있습니다.;Gracze mogą wpisać hasło strażnika, aby samodzielnie dodać się do listy dozwolonych graczy bez wyłączania strażnika.;Os jogadores podem inserir a senha da proteção para se adicionar à lista de jogadores permitidos sem desativar a proteção.;Oyuncular, muhafızı devre dışı bırakmadan parolayı girerek kendilerini izinli oyuncular listesine ekleyebilir.;Гравці можуть ввести пароль варда, щоб самостійно додатися до списку дозволених гравців, не вимикаючи вард.;玩家可以输入守护石密码，将自己加入许可玩家列表，而无需关闭守护石。;玩家可以輸入保護石密碼，將自己加入允許玩家清單，而無需停用保護石。
pw_ward_password_enter;Enter ward password;Ввести пароль оберега;Wächterstein-Passwort eingeben;Introducir contraseña de la protección;Zadat heslo ochranného kamene;Wachtwoord van de verzegeling invoeren;Saisir le mot de passe de la balise;守護石のパスワードを入力;경비석 비밀번호 입력;Wprowadź hasło kamienia strażniczego;Inserir senha da proteção;Nazarlık parolasını gir;Ввести пароль оберега;输入守护石密码;輸入保護石密碼
pw_ward_password_prompt_title;Ward password;Пароль оберега;Wächterstein-Passwort;Contraseña de la protección;Heslo ochranného kamene;Wachtwoord van de verzegeling;Mot de passe de la balise;守護石のパスワード;경비석 비밀번호;Hasło kamienia strażniczego;Senha da proteção;Nazarlık parolası;Пароль оберега;守护石密码;保護石密碼
pw_ward_password_placeholder;Password;Пароль;Passwort;Contraseña;Heslo;Wachtwoord;Mot de passe;パスワード;비밀번호;Hasło;Senha;Parola;Пароль;密码;密碼
pw_ward_password_submit;Enter;Войти;Eingeben;Entrar;Vstoupit;Toegang;Entrer;入る;입장;Wejdź;Entrar;Gir;Увійти;进入;進入
pw_ward_password_required;Enter a password first;Сначала введи пароль;Gib zuerst ein Passwort ein;Introduce primero una contraseña;Nejprve zadej heslo;Voer eerst een wachtwoord in;Saisis d’abord un mot de passe;先にパスワードを入力してください;먼저 비밀번호를 입력하세요;Najpierw wpisz hasło;Digite uma senha primeiro;Önce bir parola gir;Спочатку введіть пароль;请先输入密码;請先輸入密碼
pw_ward_password_too_long;Password is too long;Пароль слишком длинный;Das Passwort ist zu lang;La contraseña es demasiado larga;Heslo je příliš dlouhé;Het wachtwoord is te lang;Le mot de passe est trop long;パスワードが長すぎます;비밀번호가 너무 깁니다;Hasło jest zbyt długie;A senha é longa demais;Parola çok uzun;Пароль надто довгий;密码过长;密碼過長
pw_ward_password_accepted;Password accepted. You are now permitted.;Пароль принят. Ты добавлен в список допущенных.;Passwort akzeptiert. Du bist jetzt zugelassen.;Contraseña aceptada. Ahora tienes permiso.;Heslo přijato. Nyní máš povolení.;Wachtwoord geaccepteerd. Je hebt nu toegang.;Mot de passe accepté. Tu es désormais autorisé.;パスワードが認証されました。許可リストに追加されました。;비밀번호가 승인되었습니다. 이제 허용 목록에 추가되었습니다.;Hasło zaakceptowane. Masz teraz dostęp.;Senha aceita. Agora você tem permissão.;Parola kabul edildi. Artık izinlisin.;Пароль прийнято. Тепер ви у списку дозволених.;密码正确。你已被加入许可名单。;密碼正確。你已被加入許可名單。
pw_ward_password_incorrect;Incorrect password;Неверный пароль;Falsches Passwort;Contraseña incorrecta;Nesprávné heslo;Onjuist wachtwoord;Mot de passe incorrect;パスワードが違います;비밀번호가 올바르지 않습니다;Nieprawidłowe hasło;Senha incorreta;Yanlış parola;Неправильний пароль;密码错误;密碼錯誤
pw_ward_password_already_permitted;You are already permitted;У тебя уже есть доступ;Du bist bereits zugelassen;Ya tienes permiso;Už máš povolení;Je hebt al toegang;Tu es déjà autorisé;すでに許可されています;이미 허용되어 있습니다;Masz już dostęp;Você já tem permissão;Zaten izinlisin;Ви вже маєте доступ;你已获得许可;你已獲得許可
pw_ward_password_too_far;You are too far from the ward;Ты слишком далеко от оберега;Du bist zu weit vom Wächterstein entfernt;Estás demasiado lejos de la protección;Jsi příliš daleko od ochranného kamene;Je bent te ver van de verzegeling;Tu es trop loin de la balise;守護石から離れすぎています;경비석에서 너무 멀리 떨어져 있습니다;Jesteś zbyt daleko od kamienia strażniczego;Você está longe demais da proteção;Nazarlıktan çok uzaktasın;Ви надто далеко від оберега;你离守护石太远;你離保護石太遠
pw_ward_password_unavailable;Ward password access is unavailable;Доступ по паролю сейчас недоступен;Passwortzugang ist nicht verfügbar;El acceso con contraseña no está disponible;Přístup heslem není dostupný;Toegang met wachtwoord is niet beschikbaar;L’accès par mot de passe est indisponible;パスワードでのアクセスは利用できません;비밀번호 접근을 사용할 수 없습니다;Dostęp za pomocą hasła jest niedostępny;O acesso por senha não está disponível;Parolayla erişim kullanılamıyor;Доступ за паролем недоступний;密码访问不可用;密碼存取不可用
pw_ward_password_settings_saved;Ward password settings saved;Настройки парольного доступа сохранены;Passwortschutz-Einstellungen gespeichert;Ajustes de contraseña guardados;Nastavení hesla uloženo;Wachtwoordinstellingen opgeslagen;Paramètres du mot de passe enregistrés;守護石のパスワード設定を保存しました;경비석 비밀번호 설정이 저장되었습니다;Ustawienia hasła zapisane;Configurações de senha salvas;Parola ayarları kaydedildi;Налаштування пароля збережено;守护石密码设置已保存;保護石密碼設定已儲存
pw_permit_no_ward;No ward within range.;Нет оберега в радиусе.;Kein Wächterstein in Reichweite.;No hay ninguna estatua guardiana dentro del alcance.;V dosahu není žádný strážce.;Geen verzegeling binnen bereik.;Aucune balise à portée.;範囲内に守護石がありません。;범위 내에 경비석이 없습니다.;Brak kamienia strażniczego w zasięgu.;Nenhuma proteção ao alcance.;Menzilde nazarlık yok.;Немає оберега в радіусі.;范围内没有守护石。;範圍內沒有保護石。
pw_permit_no_access;You do not have access to this ward.;У тебя нет доступа к этому оберегу.;Du hast keinen Zugriff auf diesen Wächterstein.;No tienes acceso a esta estatua guardiana.;Nemáš přístup k tomuto strážci.;Je hebt geen toegang tot deze verzegeling.;Tu n'as pas accès à cette balise.;この守護石へのアクセス権がありません。;이 경비석에 접근할 권한이 없습니다.;Nie masz dostępu do tego kamienia strażniczego.;Você não tem acesso a esta proteção.;Bu nazarlığa erişimin yok.;У вас немає доступу до цього оберега.;你没有此守护石的访问权限。;你沒有此保護石的存取權限。
pw_permit_no_match;No online player matched: $1;Не найден онлайн-игрок: $1;Kein Online-Spieler gefunden: $1;No se encontró ningún jugador en línea: $1;Nenalezen žádný online hráč: $1;Geen online speler gevonden: $1;Aucun joueur en ligne trouvé : $1;一致するオンラインプレイヤーがいません: $1;일치하는 온라인 플레이어가 없습니다: $1;Nie znaleziono gracza online: $1;Nenhum jogador online encontrado: $1;Eşleşen çevrimiçi oyuncu yok: $1;Не знайдено онлайн-гравця: $1;未找到匹配的在线玩家：$1;找不到符合的線上玩家：$1
pw_permit_multiple;Multiple players matched: $1;Найдено несколько игроков: $1;Mehrere Spieler gefunden: $1;Varios jugadores encontrados: $1;Nalezeno více hráčů: $1;Meerdere spelers gevonden: $1;Plusieurs joueurs trouvés : $1;複数のプレイヤーが一致しました: $1;여러 플레이어가 일치합니다: $1;Znaleziono kilku graczy: $1;Vários jogadores encontrados: $1;Birden fazla oyuncu eşleşti: $1;Знайдено кілька гравців: $1;找到多个匹配玩家：$1;找到多個符合玩家：$1
pw_permit_already;Player is already permitted.;Игрок уже добавлен в список доступа.;Spieler ist bereits zugelassen.;El jugador ya tiene permiso.;Hráč už má povolení.;Speler heeft al toestemming.;Le joueur est déjà autorisé.;プレイヤーはすでに許可されています。;플레이어는 이미 허용 목록에 있습니다.;Gracz ma już pozwolenie.;O jogador já está permitido.;Oyuncu zaten izinli.;Гравця вже додано до списку доступу.;玩家已被允许。;玩家已被允許。
pw_permit_added;Added $1 to ward permitted list.;$1 добавлен в список доступа оберега.;$1 wurde zur Zugriffsliste des Wächtersteins hinzugefügt.;$1 añadido a la lista de permisos de la estatua guardiana.;$1 byl přidán mezi povolené hráče strážce.;$1 is toegevoegd aan de toegangslijst van de verzegeling.;$1 a été ajouté à la liste d'accès de la balise.;$1 を守護石の許可リストに追加しました。;$1을(를) 경비석 허용 목록에 추가했습니다.;Dodano $1 do listy dostępu kamienia strażniczego.;$1 foi adicionado à lista de permissões da proteção.;$1 nazarlık izin listesine eklendi.;$1 додано до списку доступу оберега.;已将 $1 添加到守护石允许列表。;已將 $1 加入保護石允許清單。
pw_ward_limit_reached;Ward limit reached: $1/$2;Достигнут лимит оберегов: $1/$2;Wächterstein-Limit erreicht: $1/$2;Límite de estatuas guardianas alcanzado: $1/$2;Dosažen limit strážců: $1/$2;Verzegelingslimiet bereikt: $1/$2;Limite de balises atteinte : $1/$2;守護石の上限に達しました: $1/$2;경비석 제한 도달: $1/$2;Osiągnięto limit kamieni strażniczych: $1/$2;Limite de proteções atingido: $1/$2;Nazarlık sınırına ulaşıldı: $1/$2;Досягнуто ліміт оберегів: $1/$2;已达到守护石上限：$1/$2;已達保護石上限：$1/$2
pw_ward_expiration_expired;Ward protection expired due to inactivity;Защита оберега истекла из-за неактивности;Schutz des Wächtersteins ist wegen Inaktivität abgelaufen;La protección de la estatua guardiana expiró por inactividad;Ochrana strážce vypršela kvůli neaktivitě;De bescherming van de verzegeling is verlopen door inactiviteit;La protection de la balise a expiré pour inactivité;非アクティブ状態により守護石の保護が期限切れになりました;비활성 상태로 인해 경비석 보호가 만료되었습니다;Ochrona kamienia strażniczego wygasła z powodu bezczynności;A proteção expirou por inatividade;Nazarlığın koruması etkinlik olmadığı için sona erdi;Захист оберега минув через неактивність;守护石保护因不活跃而过期;保護石的保護因閒置而過期
pw_ward_expiration_hint;A player with access must interact with the ward to reactivate it.;Игрок с доступом должен взаимодействовать с оберегом, чтобы восстановить защиту.;Ein Spieler mit Zugriff muss mit dem Wächterstein interagieren, um ihn zu reaktivieren.;Un jugador con acceso debe interactuar con la estatua guardiana para reactivarla.;Hráč s přístupem musí se strážcem interagovat, aby ho znovu aktivoval.;Een speler met toegang moet met de verzegeling interageren om deze opnieuw te activeren.;Un joueur ayant accès doit interagir avec la balise pour la réactiver.;アクセス権のあるプレイヤーが守護石を操作すると再有効化できます。;접근 권한이 있는 플레이어가 경비석과 상호작용해야 다시 활성화됩니다.;Gracz z dostępem musi wejść w interakcję z kamieniem strażniczym, aby go ponownie aktywować.;Um jogador com acesso deve interagir com a proteção para reativá-la.;Erişimi olan bir oyuncu nazarlığı yeniden etkinleştirmek için onunla etkileşime geçmelidir.;Гравець із доступом має взаємодіяти з оберегом, щоб відновити захист.;拥有访问权限的玩家必须与守护石互动以重新激活它。;擁有存取權限的玩家必須與保護石互動以重新啟用。
pw_ward_expiration_reactivated;Ward protection reactivated.;Защита оберега восстановлена.;Schutz des Wächtersteins reaktiviert.;Protección de la estatua guardiana reactivada.;Ochrana strážce znovu aktivována.;De bescherming van de verzegeling is opnieuw geactiveerd.;Protection de la balise réactivée.;守護石の保護が再有効化されました。;경비석 보호가 다시 활성화되었습니다.;Ochrona kamienia strażniczego została ponownie aktywowana.;Proteção reativada.;Nazarlığın koruması yeniden etkinleştirildi.;Захист оберега відновлено.;守护石保护已重新激活。;保護石的保護已重新啟用。
pw_ward_offering_bossaltar_description;summon a Valkyrie for a flight to;призвать валькирию в полёт к;eine Walküre zum Flug rufen zu;llamar a una valquiria en vuelo hacia;přivolat valkýru k letu k;een valkyrie oproepen voor een vlucht naar;appeler une Valkyrie en vol vers;ヴァルキリーを呼んで飛ぶ先;발키리를 불러 비행할 곳;wezwać Walkirię do lotu ku;chamar uma Valquíria em voo até;bir Valkyrie çağırıp uçulacak yer;покликати валькірію в політ до;召唤女武神飞往;召喚女武神飛往
pw_ward_offering_bossaltar_item_consumed;the rite will take the item needed for the flight to the boss altar;ритуал заберёт предмет, нужный для полёта к алтарю босса;der Ritus nimmt den Gegenstand für den Flug zum Bossaltar;el rito tomará el objeto necesario para el vuelo al altar del jefe;rituál si vezme předmět potřebný k letu k oltáři bosse;de rite neemt het item dat nodig is voor de vlucht naar het baasaltaar;le rite prendra l’objet requis pour le vol vers l’autel du boss;儀式はボス祭壇への飛行に必要な品を捧げ物として受け取る;의식은 보스 제단으로 비행하는 데 필요한 아이템을 공물로 가져갑니다;rytuał zabierze przedmiot potrzebny do lotu ku ołtarzowi bossa;o rito tomará o item necessário para o voo até o altar do chefe;ayin boss sunağına uçuş için gereken eşyayı alır;обряд забере предмет для польоту до вівтаря боса;仪式会取走飞往首领祭坛所需的物品;儀式會取走飛往首領祭壇所需的物品
pw_ward_offerings_compendium_topic;Ward and offerings;Оберег и подношения;Wächterstein und Opfergaben;Estatua guardiana y ofrendas;Strážce a obětiny;Verzegeling en offers;Balise et offrandes;守護石と捧げ物;경비석과 공물;Kamień strażniczy i ofiary;Proteção e oferendas;Nazarlık ve adaklar;Оберіг і підношення;守护石与供品;保護石與供品
pw_ward_offerings_compendium_hint;Offering lore and the list of known offerings are kept in the Valheim Compendium, under the raven icon.;Предания о подношениях и список известных подношений хранятся в компендиуме Valheim под значком ворона.;Die Kunde von Opfergaben und die Liste bekannter Gaben stehen im Valheim-Kompendium unter dem Rabensymbol.;La tradición de las ofrendas y la lista de ofrendas conocidas están en el Compendio de Valheim, bajo el icono del cuervo.;Pověsti o obětinách a seznam známých obětin jsou ve valheimském kompendiu pod ikonou havrana.;De overlevering over offers en de lijst met bekende offers staan in het Valheim-compendium onder het ravenicoon.;Le savoir des offrandes et la liste des offrandes connues se trouvent dans le Compendium de Valheim, sous l’icône du corbeau.;捧げ物の伝承と既知の捧げ物の一覧は、ワタリガラスのアイコンの下にあるValheim Compendiumに記されています。;공물에 관한 전승과 알려진 공물 목록은 까마귀 아이콘 아래 Valheim Compendium에 기록되어 있습니다.;Wiedza o ofiarach i lista znanych ofiar znajdują się w Kompendium Valheim, pod ikoną kruka.;A tradição das oferendas e a lista de oferendas conhecidas ficam no Compêndio de Valheim, sob o ícone do corvo.;Adak bilgisi ve bilinen adakların listesi Valheim Compendium içinde, kuzgun simgesinin altında tutulur.;Перекази про підношення та список відомих підношень зберігаються в компендіумі Valheim, під іконкою крука.;供品传说和已知供品列表保存在 Valheim Compendium 的渡鸦图标下。;供品傳說和已知供品列表保存在 Valheim Compendium 的渡鴉圖示下。
pw_ward_offerings_compendium_intro;A ward answers more than a hand laid on old runes. Bring the right offering, and warded ground may mend, ripen, call down storm, or reveal sky-roads known to the Valkyries. Only offerings known to you are written here.;Оберег отвечает не только на ладонь, положенную на старые руны. Верное подношение может залечить защищённую землю, приблизить урожай, обрушить бурю или приоткрыть небесные пути, ведомые валькириям. Здесь записаны только известные тебе подношения.;Ein Wächterstein antwortet auf mehr als eine Hand auf alten Runen. Bring die richtige Opfergabe, und geschützter Boden kann heilen, reifen, Sturm herabrufen oder Himmelswege enthüllen, die den Walküren bekannt sind. Nur dir bekannte Opfergaben stehen hier.;Una estatua guardiana responde a algo más que una mano sobre runas antiguas. Trae la ofrenda correcta, y la tierra protegida puede repararse, madurar, llamar la tormenta o revelar caminos del cielo conocidos por las valquirias. Aquí solo figuran las ofrendas que conoces.;Strážce odpovídá na víc než jen na dlaň položenou na staré runy. Přines správnou obětinu a chráněná země se může zahojit, dozrát, přivolat bouři nebo odhalit nebeské stezky známé valkýrám. Zapsané jsou zde jen obětiny, které znáš.;Een verzegeling antwoordt op meer dan een hand op oude runen. Breng het juiste offer, en beschermde grond kan herstellen, rijpen, storm afroepen of luchtwegen onthullen die de valkyries kennen. Alleen offers die je kent staan hier.;Une balise répond à plus qu’une main posée sur de vieilles runes. Apporte la bonne offrande, et la terre protégée pourra se réparer, mûrir, appeler l’orage ou révéler les routes du ciel connues des Valkyries. Seules les offrandes que tu connais sont inscrites ici.;守護石は古いルーンに置かれた手だけでなく、さらなる願いにも応える。正しい捧げ物を持てば、守られた地は癒え、実り、嵐を呼び、ヴァルキリーだけが知る空の道を示すことがある。ここにはあなたが知る捧げ物だけが記されている。;경비석은 오래된 룬에 얹은 손 이상의 부름에 응답합니다. 알맞은 공물을 바치면 보호받는 땅은 회복되고, 익어 가고, 폭풍을 부르며, 발키리들이 아는 하늘길을 드러낼 수 있습니다. 당신이 아는 공물만 여기에 기록됩니다.;Kamień strażniczy odpowiada na więcej niż dłoń położoną na starych runach. Przynieś właściwą ofiarę, a chroniona ziemia może się zagoić, dojrzeć, przywołać burzę albo odsłonić niebiańskie drogi znane Walkiriom. Zapisano tu tylko ofiary, które znasz.;Uma proteção responde a mais do que uma mão sobre runas antigas. Traga a oferenda certa, e a terra protegida pode se reparar, amadurecer, chamar a tempestade ou revelar caminhos do céu conhecidos pelas Valquírias. Só as oferendas que você conhece estão escritas aqui.;Nazarlık eski rünlere konan bir elden fazlasına cevap verir. Doğru adağı getir, korunan toprak iyileşebilir, olgunlaşabilir, fırtına çağırabilir ya da Valkyrie’lerin bildiği gök yollarını gösterebilir. Burada yalnızca bildiğin adaklar yazılıdır.;Оберіг відповідає не лише на долоню, покладену на старі руни. Належне підношення може зцілити захищену землю, наблизити врожай, прикликати бурю або відкрити небесні шляхи, відомі валькіріям. Тут записані лише відомі вам підношення.;守护石回应的不只是落在古老符文上的手。带来正确的供品，受护之地或会修复、成熟、召下风暴，或显露女武神知晓的天路。这里只记录你已知的供品。;保護石回應的不只是落在古老符文上的手。帶來正確的供品，受護之地或會修復、成熟、召下風暴，或顯露女武神知曉的天路。這裡只記錄你已知的供品。
pw_ward_offerings_taxi_return;The Valkyrie will bring you home when the hour to return comes.;Валькирия возвратит тебя домой, когда придёт час возвращения.;Die Walküre bringt dich heim, wenn die Stunde der Rückkehr kommt.;La valquiria te llevará a casa cuando llegue la hora de volver.;Valkýra tě odnese domů, až přijde hodina návratu.;De valkyrie brengt je thuis wanneer het uur van terugkeer komt.;La Valkyrie te ramènera chez toi quand viendra l’heure du retour.;帰る時が来れば、ヴァルキリーがあなたを家へ運ぶ。;돌아갈 시간이 오면 발키리가 당신을 집으로 데려갑니다.;Walkiria zaniesie cię do domu, gdy nadejdzie godzina powrotu.;A Valquíria levará você para casa quando chegar a hora do retorno.;Dönüş vakti geldiğinde Valkyrie seni eve götürür.;Валькірія поверне вас додому, коли настане час повернення.;归返之时到来，女武神会带你回家。;歸返之時到來，女武神會帶你回家。
pw_ward_offerings_taxi_oneway;The Valkyrie flies only one way. The sky-road will not lead you back.;Валькирия летит только в одну сторону. Небесный путь не приведёт тебя назад.;Die Walküre fliegt nur in eine Richtung. Der Himmelsweg führt dich nicht zurück.;La valquiria vuela solo en una dirección. El camino del cielo no te traerá de vuelta.;Valkýra letí jen jedním směrem. Nebeská stezka tě nevrátí zpět.;De valkyrie vliegt maar één kant op. De luchtweg brengt je niet terug.;La Valkyrie ne vole que dans un sens. La route du ciel ne te ramènera pas.;ヴァルキリーの飛行は片道だけ。空の道はあなたを連れ戻さない。;발키리는 한 방향으로만 납니다. 하늘길은 당신을 데려오지 않습니다.;Walkiria leci tylko w jedną stronę. Niebiańska droga nie sprowadzi cię z powrotem.;A Valquíria voa apenas em uma direção. O caminho do céu não trará você de volta.;Valkyrie yalnızca tek yöne uçar. Gök yolu seni geri getirmez.;Валькірія летить лише в один бік. Небесний шлях не поверне вас назад.;女武神只飞单程。天路不会带你回来。;女武神只飛單程。天路不會帶你回來。
pw_tutorial_guardstone_extra;A ward can be more than a lock on doors. With the proper rites and chosen laws, it can bind nearby wards into wider protected ground, watch over a homestead while its keepers are away, and answer offerings with mending, growth, storm, or stranger ways of travel.;Оберег может быть не только замком для дверей. С нужными обрядами и выбранными законами он связывает соседние обереги в большую защищённую землю, присматривает за домом, пока хозяев нет рядом, и отвечает на подношения починкой, ростом, бурей или неведомыми путями странствий.;Ein Wächterstein kann mehr sein als ein Schloss an Türen. Mit den richtigen Riten und gewählten Gesetzen bindet er nahe Wächtersteine zu weiterem geschütztem Boden, wacht über ein Heim, solange seine Hüter fort sind, und antwortet auf Opfergaben mit Ausbesserung, Wachstum, Sturm oder fremderen Wegen des Reisens.;Una estatua guardiana puede ser más que un cerrojo en las puertas. Con los ritos adecuados y las leyes elegidas, puede unir estatuas guardianas cercanas en una tierra protegida más amplia, velar por un hogar mientras sus dueños están lejos y responder a las ofrendas con reparación, crecimiento, tormenta o formas más extrañas de viaje.;Strážce může být víc než zámek na dveřích. Se správnými rituály a zvolenými zákony spojí blízké strážce do širší chráněné země, dohlédne na usedlost, když jsou její hospodáři pryč, a odpoví na obětiny opravou, růstem, bouří nebo podivnějšími cestami.;Een verzegeling kan meer zijn dan een slot op deuren. Met de juiste riten en gekozen wetten kan ze nabije verzegelingen binden tot groter beschermd gebied, waken over een erf wanneer de bewoners weg zijn, en offers beantwoorden met herstel, groei, storm of vreemdere wegen van reizen.;Une balise peut être plus qu’un verrou sur les portes. Avec les rites appropriés et les lois choisies, elle peut lier les balises proches en un territoire protégé plus vaste, veiller sur un foyer quand ses maîtres sont absents et répondre aux offrandes par la réparation, la croissance, l’orage ou d’étranges voies de voyage.;守護石は扉の錠以上のものになり得る。正しい儀式と選ばれた掟があれば、近くの守護石を結び広い保護地を作り、主が留守の家を見守り、修復、成長、嵐、あるいは奇妙な旅路で捧げ物に応える。;경비석은 문을 잠그는 장치 이상이 될 수 있습니다. 올바른 의식과 선택한 법도가 있으면 가까운 경비석을 더 넓은 보호지로 묶고, 주인이 떠난 집터를 지키며, 공물에 수리, 성장, 폭풍, 혹은 더 기묘한 여행길로 응답합니다.;Kamień strażniczy może być czymś więcej niż zamkiem w drzwiach. Przy właściwych rytuałach i wybranych prawach potrafi połączyć pobliskie kamienie strażnicze w większą chronioną ziemię, czuwać nad domostwem pod nieobecność gospodarzy i odpowiadać na ofiary naprawą, wzrostem, burzą albo dziwniejszymi drogami podróży.;Uma proteção pode ser mais do que uma trava em portas. Com os ritos certos e as leis escolhidas, ela pode ligar proteções próximas em uma terra protegida maior, vigiar uma morada enquanto seus donos estão longe e responder a oferendas com reparo, crescimento, tempestade ou modos mais estranhos de viajar.;Nazarlık kapılardaki kilitten fazlası olabilir. Doğru ayinler ve seçilmiş yasalarla yakındaki nazarlıkları daha geniş korunan toprağa bağlayabilir, sahipleri uzaktayken yuvayı gözetebilir ve adaklara onarım, büyüme, fırtına ya da daha tuhaf yolculuklarla cevap verebilir.;Оберіг може бути не лише замком для дверей. Із належними обрядами й обраними законами він зв’язує сусідні обереги в ширшу захищену землю, пильнує оселю, поки господарів немає поруч, і відповідає на підношення ремонтом, ростом, бурею або дивнішими шляхами мандрів.;守护石不只是门锁。通过合适的仪式和选定的律令，它能把附近的守护石联结成更广的受护之地，在主人离开时看守家园，并以修复、生长、风暴或更奇异的旅途回应供品。;保護石不只是門鎖。透過合適的儀式和選定的律令，它能把附近的保護石聯結成更廣的受護之地，在主人離開時看守家園，並以修復、生長、風暴或更奇異的旅途回應供品。
pw_se_ward_taxi_status;Valkyrie passage;Путь валькирии;Walkürenpassage;Pasaje de valquiria;Cesta valkýry;Valkyriepassage;Passage de Valkyrie;ヴァルキリーの道;발키리의 길;Szlak Walkirii;Passagem da Valquíria;Valkyrie geçidi;Шлях валькірії;女武神通路;女武神通路
pw_se_ward_taxi_flight_tooltip;A Valkyrie carries you along the sky-road. Press $1 to let go, but she will not take you up again.;Валькирия несёт тебя по небесной дороге. Нажми $1, чтобы отпустить её, но снова она тебя не подхватит.;Eine Walküre trägt dich über den Himmelsweg. Drücke $1, um loszulassen, doch sie nimmt dich nicht erneut auf.;Una valquiria te lleva por el camino del cielo. Pulsa $1 para soltarte, pero no volverá a recogerte.;Valkýra tě nese po nebeské stezce. Stiskni $1, abys ji pustil, ale znovu tě nenabere.;Een valkyrie draagt je over de luchtweg. Druk op $1 om los te laten, maar ze neemt je niet opnieuw mee.;Une Valkyrie te porte sur la route du ciel. Appuie sur $1 pour lâcher prise, mais elle ne te reprendra pas.;ヴァルキリーが空の道を運んでいる。$1で手を放せるが、彼女は二度と拾い上げない。;발키리가 당신을 하늘길로 나릅니다. $1 키를 눌러 손을 놓을 수 있지만, 다시 태워 주지는 않습니다.;Walkiria niesie cię niebiańską drogą. Naciśnij $1, aby puścić, lecz drugi raz cię nie podejmie.;Uma Valquíria leva você pelo caminho do céu. Pressione $1 para soltar, mas ela não buscará você de novo.;Bir Valkyrie seni gök yolunda taşıyor. Bırakmak için $1 tuşuna bas, fakat seni yeniden almaz.;Валькірія несе вас небесною дорогою. Натисніть $1, щоб відпустити її, але вдруге вона вас не підхопить.;女武神正沿天路载着你。按 $1 可以松手，但她不会再次接住你。;女武神正沿天路載著你。按 $1 可以鬆手，但她不會再次接住你。
pw_se_ward_taxi_return_tooltip;The way home remains marked. When this blessing fades, the Valkyrie will carry you back. Starting another passage breaks the mark.;Дорога домой ещё отмечена. Когда благословение угаснет, валькирия отнесёт тебя обратно. Новый путь разрушит эту метку.;Der Weg nach Hause bleibt gezeichnet. Wenn dieser Segen schwindet, trägt die Walküre dich zurück. Ein neuer Weg bricht das Zeichen.;El camino a casa sigue marcado. Cuando esta bendición se desvanezca, la valquiria te llevará de vuelta. Otro pasaje romperá la marca.;Cesta domů zůstává vyznačená. Až toto požehnání vyprchá, valkýra tě odnese zpět. Nová cesta značku zlomí.;De weg naar huis blijft gemarkeerd. Wanneer deze zegen vervaagt, draagt de valkyrie je terug. Een nieuwe passage verbreekt het teken.;Le chemin du foyer reste marqué. Quand cette bénédiction s’éteindra, la Valkyrie te ramènera. Un autre passage brisera la marque.;家への道はまだ印されている。この祝福が消える時、ヴァルキリーがあなたを連れ戻す。別の道を開けば印は破れる。;집으로 가는 길은 아직 표시되어 있습니다. 이 축복이 사라지면 발키리가 당신을 데려갑니다. 다른 길을 열면 그 표식은 끊어집니다.;Droga do domu pozostaje wyznaczona. Gdy to błogosławieństwo zgaśnie, Walkiria zaniesie cię z powrotem. Inny szlak złamie znak.;O caminho de casa continua marcado. Quando esta bênção se apagar, a Valquíria levará você de volta. Outra passagem romperá a marca.;Eve giden yol hâlâ işaretli. Bu kutsama solduğunda Valkyrie seni geri taşır. Başka bir geçit işareti bozar.;Дорога додому ще позначена. Коли це благословення згасне, валькірія віднесе вас назад. Новий шлях зламає цю мітку.;回家的路仍被标记。当这份祝福消散时，女武神会带你返回。开启另一条通路会打破标记。;回家的路仍被標記。當這份祝福消散時，女武神會帶你返回。開啟另一條通路會打破標記。
pw_se_ward_taxi_waiting_outbound_tooltip;The offering has been accepted. A Valkyrie will arrive soon.;Подношение принято. Валькирия скоро прилетит.;Die Opfergabe wurde angenommen. Eine Walküre trifft bald ein.;La ofrenda ha sido aceptada. Una valquiria llegará pronto.;Obětina byla přijata. Valkýra brzy přiletí.;Het offer is aanvaard. Een valkyrie komt spoedig.;L’offrande a été acceptée. Une Valkyrie arrivera bientôt.;捧げ物は受け入れられた。ヴァルキリーがまもなく来る。;공물이 받아들여졌습니다. 곧 발키리가 도착합니다.;Ofiara została przyjęta. Walkiria wkrótce przybędzie.;A oferenda foi aceita. Uma Valquíria chegará em breve.;Adak kabul edildi. Bir Valkyrie yakında gelir.;Підношення прийнято. Валькірія скоро прилетить.;供品已被接受。女武神很快会到来。;供品已被接受。女武神很快會到來。
pw_se_ward_taxi_waiting_retry_tooltip;The Valkyrie waits until you are ready to fly.;Валькирия ждёт, пока ты будешь готов к полёту.;Die Walküre wartet, bis du bereit zum Flug bist.;La valquiria espera hasta que estés listo para volar.;Valkýra čeká, dokud nebudeš připraven k letu.;De valkyrie wacht tot je klaar bent om te vliegen.;La Valkyrie attend que tu sois prêt à voler.;ヴァルキリーは、あなたが飛ぶ準備を整えるまで待っている。;발키리는 당신이 날 준비가 될 때까지 기다립니다.;Walkiria czeka, aż będziesz gotów do lotu.;A Valquíria espera até você estar pronto para voar.;Valkyrie uçmaya hazır olana kadar bekler.;Валькірія чекає, доки ви будете готові до польоту.;女武神会等到你准备好飞行为止。;女武神會等到你準備好飛行為止。
pw_se_ward_taxi_falling_tooltip;The Valkyrie has released you. Her blessing slows the fall until you touch land or water.;Валькирия отпустила тебя. Её благословение замедляет падение, пока ты не коснёшься земли или воды.;Die Walküre hat dich freigegeben. Ihr Segen verlangsamt den Fall, bis du Land oder Wasser berührst.;La valquiria te ha soltado. Su bendición ralentiza la caída hasta que toques tierra o agua.;Valkýra tě pustila. Její požehnání zpomalí pád, dokud se nedotkneš země nebo vody.;De valkyrie heeft je losgelaten. Haar zegen vertraagt de val tot je land of water raakt.;La Valkyrie t’a relâché. Sa bénédiction ralentit la chute jusqu’à ce que tu touches terre ou eau.;ヴァルキリーはあなたを放した。その祝福が、地面か水に触れるまで落下を遅らせる。;발키리가 당신을 놓았습니다. 그녀의 축복은 땅이나 물에 닿을 때까지 추락을 늦춥니다.;Walkiria cię wypuściła. Jej błogosławieństwo spowalnia upadek, aż dotkniesz ziemi lub wody.;A Valquíria soltou você. A bênção dela desacelera a queda até você tocar terra ou água.;Valkyrie seni bıraktı. Kutsaması toprağa ya da suya değene kadar düşüşü yavaşlatır.;Валькірія відпустила вас. Її благословення сповільнює падіння, доки ви не торкнетеся землі або води.;女武神放开了你。她的祝福会减缓坠落，直到你触及陆地或水面。;女武神放開了你。她的祝福會減緩墜落，直到你觸及陸地或水面。
pw_msg_valkyrie_coming;A Valkyrie will come soon;Скоро прилетит валькирия;Eine Walküre kommt bald;Una valquiria llegará pronto;Valkýra brzy přiletí;Een valkyrie komt spoedig;Une Valkyrie arrivera bientôt;ヴァルキリーがまもなく来る;곧 발키리가 옵니다;Walkiria wkrótce przybędzie;Uma Valquíria chegará em breve;Bir Valkyrie yakında gelir;Валькірія скоро прилетить;女武神很快会到来;女武神很快會到來
pw_msg_taxi_stopped;The Valkyrie passage was broken;Путь валькирии оборвался;Die Walkürenpassage wurde gebrochen;El pasaje de la valquiria se ha roto;Cesta valkýry byla přerušena;De valkyriepassage is verbroken;Le passage de la Valkyrie s’est rompu;ヴァルキリーの道は途切れた;발키리의 길이 끊어졌습니다;Szlak Walkirii został przerwany;A passagem da Valquíria foi rompida;Valkyrie geçidi bozuldu;Шлях валькірії обірвався;女武神通路已断开;女武神通路已斷開
pw_msg_taxi_already_active;A Valkyrie passage is already open;Путь валькирии уже открыт;Eine Walkürenpassage ist bereits offen;Ya hay un pasaje de valquiria abierto;Cesta valkýry je už otevřená;Er is al een valkyriepassage open;Un passage de Valkyrie est déjà ouvert;ヴァルキリーの道はすでに開いている;발키리의 길이 이미 열려 있습니다;Szlak Walkirii jest już otwarty;Uma passagem da Valquíria já está aberta;Bir Valkyrie geçidi zaten açık;Шлях валькірії уже відкрито;女武神通路已经开启;女武神通路已經開啟
pw_msg_taxi_waiting;The Valkyrie is waiting;Валькирия ждёт;Die Walküre wartet;La valquiria está esperando;Valkýra čeká;De valkyrie wacht;La Valkyrie attend;ヴァルキリーが待っている;발키리가 기다리고 있습니다;Walkiria czeka;A Valquíria está esperando;Valkyrie bekliyor;Валькірія чекає;女武神正在等待;女武神正在等待
pw_msg_taxi_return_wait_expired;The Valkyrie waited in vain. The way back is yours to find.;Валькирия ждала напрасно. Обратную дорогу придётся искать самому.;Die Walküre wartete vergebens. Den Rückweg musst du selbst finden.;La valquiria esperó en vano. El camino de regreso deberás encontrarlo tú.;Valkýra čekala marně. Cestu zpět si musíš najít sám.;De valkyrie wachtte tevergeefs. De weg terug moet je zelf vinden.;La Valkyrie a attendu en vain. Le chemin du retour est à toi de trouver.;ヴァルキリーは空しく待った。帰り道は自ら見つけるほかない。;발키리는 헛되이 기다렸습니다. 돌아갈 길은 스스로 찾아야 합니다.;Walkiria czekała na próżno. Drogę powrotną musisz odnaleźć sam.;A Valquíria esperou em vão. O caminho de volta cabe a você encontrar.;Valkyrie boşuna bekledi. Dönüş yolunu kendin bulmalısın.;Валькірія чекала марно. Зворотну дорогу доведеться знайти самотужки.;女武神空等了一场。归路只能由你自己寻找。;女武神空等了一場。歸路只能由你自己尋找。
pw_msg_taxi_complete;The Valkyrie passage is complete;Путь валькирии завершён;Die Walkürenpassage ist vollendet;El pasaje de la valquiria se ha completado;Cesta valkýry je dokončena;De valkyriepassage is voltooid;Le passage de la Valkyrie est achevé;ヴァルキリーの道は完了した;발키리의 길이 끝났습니다;Szlak Walkirii dobiegł końca;A passagem da Valquíria está completa;Valkyrie geçidi tamamlandı;Шлях валькірії завершено;女武神通路已完成;女武神通路已完成
pw_ward_settings_section_access;Access;Доступ;Zugriff;Acceso;Přístup;Toegang;Accès;アクセス;접근 권한;Dostęp;Acesso;Erişim;Доступ;访问权限;存取權限
pw_ward_settings_access;Access settings;Настройки доступа;Zugriffseinstellungen;Ajustes de acceso;Nastavení přístupu;Toegangsinstellingen;Paramètres d’accès;アクセス設定;접근 권한 설정;Ustawienia dostępu;Configurações de acesso;Erişim ayarları;Налаштування доступу;访问权限设置;存取權限設定
pw_ward_settings_access_title;Ward access settings;Настройки доступа к варду;Zugriffseinstellungen des Wächters;Ajustes de acceso del guardián;Nastavení přístupu k ochraně;Toegangsinstellingen van de ward;Paramètres d’accès de la balise;守護石のアクセス設定;수호석 접근 권한 설정;Ustawienia dostępu do strażnika;Configurações de acesso da proteção;Muhafız erişim ayarları;Налаштування доступу до варда;守护石访问权限设置;守護石存取權限設定
pw_ward_settings_permit_everyone;Permit everyone;Разрешить всем;Allen Zugriff erlauben;Permitir a todos;Povolit všem;Iedereen toestaan;Autoriser tout le monde;全員を許可;모두 허용;Zezwól wszystkim;Permitir todos;Herkese izin ver;Дозволити всім;允许所有人;允許所有人
pw_ward_guild_section;Guild access;Доступ гильдии;Gildenzugriff;Acceso del gremio;Přístup cechu;Gildetoegang;Accès de la guilde;ギルドアクセス;길드 접근 권한;Dostęp gildii;Acesso da guilda;Lonca erişimi;Доступ гільдії;公会访问权限;公會存取權限
pw_ward_guild_enabled;Enable guild access;Включить доступ гильдии;Gildenzugriff aktivieren;Activar acceso del gremio;Povolit přístup cechu;Gildetoegang inschakelen;Activer l’accès de la guilde;ギルドアクセスを有効化;길드 접근 허용;Włącz dostęp gildii;Ativar acesso da guilda;Lonca erişimini etkinleştir;Увімкнути доступ гільдії;启用公会访问;啟用公會存取
pw_ward_guild_bound;Bound guild;Привязанная гильдия;Gebundene Gilde;Gremio vinculado;Připojený cech;Gekoppeld gilde;Guilde associée;紐付けられたギルド;연결된 길드;Powiązana gildia;Guilda vinculada;Bağlı lonca;Прив’язана гільдія;已绑定公会;已綁定公會
pw_ward_guild_not_bound;Not bound;Не привязана;Nicht gebunden;Sin vincular;Nepřipojeno;Niet gekoppeld;Non associée;未設定;연결되지 않음;Niepowiązana;Não vinculada;Bağlı değil;Не прив’язана;未绑定;未綁定
pw_ward_guild_bind_current;Bind guild;Привязать гильдию;Gilde binden;Vincular gremio;Připojit cech;Gilde koppelen;Associer la guilde;ギルドを紐付け;길드 연결;Powiąż gildię;Vincular guilda;Lonca bağla;Прив’язати гільдію;绑定公会;綁定公會
pw_ward_guild_not_found;Guild not found;Гильдия не найдена;Gilde nicht gefunden;Gremio no encontrado;Cech nenalezen;Gilde niet gevonden;Guilde introuvable;ギルドが見つかりません;길드를 찾을 수 없음;Nie znaleziono gildii;Guilda não encontrada;Lonca bulunamadı;Гільдію не знайдено;未找到公会;找不到公會
pw_ward_guild_unbind;Unbind guild;Отвязать гильдию;Gilde lösen;Desvincular gremio;Odpojit cech;Gilde ontkoppelen;Dissocier la guilde;ギルドの紐付けを解除;길드 연결 해제;Odłącz gildię;Desvincular guilda;Lonca bağını kaldır;Відв’язати гільдію;解除公会绑定;解除公會綁定
pw_ward_guild_note;Members of the bound guild have normal permitted access while they remain in that guild.;Участники привязанной гильдии получают обычный разрешённый доступ, пока состоят в ней.;Mitglieder der gebundenen Gilde haben normalen erlaubten Zugriff, solange sie der Gilde angehören.;Los miembros del gremio vinculado tienen acceso permitido normal mientras permanezcan en él.;Členové připojeného cechu mají běžný povolený přístup, dokud v cechu zůstávají.;Leden van het gekoppelde gilde hebben normale toegestane toegang zolang ze lid blijven.;Les membres de la guilde associée disposent de l’accès autorisé normal tant qu’ils en font partie.;紐付けられたギルドの所属中は、通常の許可済みアクセスが与えられる。;연결된 길드의 구성원은 해당 길드에 속해 있는 동안 일반 허용 접근 권한을 얻습니다.;Członkowie powiązanej gildii mają zwykły dozwolony dostęp, dopóki do niej należą.;Membros da guilda vinculada têm acesso permitido normal enquanto permanecerem nela.;Bağlı loncanın üyeleri, loncada kaldıkları sürece normal izinli erişime sahip olur.;Учасники прив’язаної гільдії мають звичайний дозволений доступ, доки залишаються в ній.;已绑定公会的成员在仍属于该公会期间拥有普通许可访问权限。;已綁定公會的成員在仍屬於該公會期間擁有一般許可存取權限。
pw_ward_guild_updated;Ward guild access updated;Ward: доступ гильдии обновлён;Gildenzugriff des Wächters aktualisiert;Acceso del gremio actualizado;Přístup cechu k ochraně byl aktualizován;Gildetoegang van de ward bijgewerkt;Accès de guilde de la balise mis à jour;守護石のギルドアクセスを更新した;수호석 길드 접근 권한이 갱신되었습니다;Zaktualizowano dostęp gildii do strażnika;Acesso da guilda à proteção atualizado;Muhafız lonca erişimi güncellendi;Доступ гільдії до варда оновлено;守护石公会访问权限已更新;守護石公會存取權限已更新
pw_ward_guild_no_guild;You are not a member of a guild;Ты не состоишь в гильдии;Du bist kein Mitglied einer Gilde;No perteneces a ningún gremio;Nejsi členem žádného cechu;Je bent geen lid van een gilde;Tu ne fais partie d’aucune guilde;ギルドに所属していない;길드에 속해 있지 않습니다;Nie należysz do gildii;Você não pertence a uma guilda;Bir loncanın üyesi değilsin;Ви не перебуваєте в гільдії;你不属于任何公会;你不屬於任何公會
pw_ward_guild_too_far;You are too far from the ward;Ты слишком далеко от варда;Du bist zu weit vom Wächter entfernt;Estás demasiado lejos del guardián;Jsi příliš daleko od ochrany;Je bent te ver van de ward;Tu es trop loin de la balise;守護石から離れすぎている;수호석에서 너무 멀리 떨어져 있습니다;Jesteś za daleko od strażnika;Você está longe demais da proteção;Muhafızdan çok uzaktasın;Ви надто далеко від варда;你离守护石太远;你離守護石太遠
pw_ward_guild_unavailable;Guild access is unavailable;Доступ гильдии недоступен;Gildenzugriff ist nicht verfügbar;El acceso del gremio no está disponible;Přístup cechu není dostupný;Gildetoegang is niet beschikbaar;L’accès de guilde est indisponible;ギルドアクセスを利用できない;길드 접근 권한을 사용할 수 없습니다;Dostęp gildii jest niedostępny;O acesso da guilda não está disponível;Lonca erişimi kullanılamıyor;Доступ гільдії недоступний;公会访问权限不可用;公會存取權限無法使用
pw_ward_settings_permitted_players;Permitted players;Разрешённые игроки;Zugelassene Spieler;Jugadores autorizados;Povolení hráči;Toegestane spelers;Joueurs autorisés;許可されたプレイヤー;허용된 플레이어;Dozwoleni gracze;Jogadores permitidos;İzinli oyuncular;Дозволені гравці;已允许的玩家;已允許的玩家
pw_ward_permitted_title;Ward permitted players;Разрешённые игроки варда;Zugelassene Spieler des Wächters;Jugadores autorizados del guardián;Povolení hráči ochrany;Toegestane spelers van de ward;Joueurs autorisés de la balise;守護石の許可プレイヤー;수호석 허용 플레이어;Gracze dozwoleni przez strażnika;Jogadores permitidos pela proteção;Muhafızın izinli oyuncuları;Дозволені гравці варда;守护石允许的玩家;守護石允許的玩家
pw_ward_permitted_add_section;Add online player;Добавить игрока онлайн;Online-Spieler hinzufügen;Añadir jugador en línea;Přidat online hráče;Online speler toevoegen;Ajouter un joueur en ligne;オンラインプレイヤーを追加;온라인 플레이어 추가;Dodaj gracza online;Adicionar jogador online;Çevrimiçi oyuncu ekle;Додати гравця онлайн;添加在线玩家;新增線上玩家
pw_ward_permitted_online_player;Player nickname;Ник игрока;Spielername;Nombre del jugador;Jméno hráče;Spelersnaam;Nom du joueur;プレイヤー名;플레이어 이름;Nazwa gracza;Nome do jogador;Oyuncu adı;Ім’я гравця;玩家昵称;玩家暱稱
pw_ward_permitted_placeholder;Player name;Имя игрока;Spielername;Nombre del jugador;Jméno hráče;Spelersnaam;Nom du joueur;プレイヤー名;플레이어 이름;Nazwa gracza;Nome do jogador;Oyuncu adı;Ім’я гравця;玩家名称;玩家名稱
pw_ward_permitted_add;Add player;Добавить игрока;Spieler hinzufügen;Añadir jugador;Přidat hráče;Speler toevoegen;Ajouter le joueur;プレイヤーを追加;플레이어 추가;Dodaj gracza;Adicionar jogador;Oyuncu ekle;Додати гравця;添加玩家;新增玩家
pw_ward_permitted_add_note;Only online players can be added. Existing permitted players can be removed while offline.;Добавить можно только игрока онлайн. Уже разрешённого игрока можно удалить, даже если он не в сети.;Nur Online-Spieler können hinzugefügt werden. Bereits zugelassene Spieler können auch offline entfernt werden.;Solo se pueden añadir jugadores en línea. Los jugadores ya autorizados pueden eliminarse aunque estén desconectados.;Přidat lze pouze online hráče. Stávající povolené hráče lze odebrat i offline.;Alleen online spelers kunnen worden toegevoegd. Bestaande toegestane spelers kunnen ook offline worden verwijderd.;Seuls les joueurs en ligne peuvent être ajoutés. Les joueurs déjà autorisés peuvent être retirés même hors ligne.;追加できるのはオンラインのプレイヤーだけです。許可済みのプレイヤーはオフラインでも削除できます。;온라인 플레이어만 추가할 수 있습니다. 이미 허용된 플레이어는 오프라인이어도 제거할 수 있습니다.;Dodać można tylko graczy online. Już dozwolonych graczy można usunąć także wtedy, gdy są offline.;Somente jogadores online podem ser adicionados. Jogadores já permitidos podem ser removidos mesmo offline.;Yalnızca çevrimiçi oyuncular eklenebilir. Mevcut izinli oyuncular çevrimdışıyken de kaldırılabilir.;Додати можна лише гравця онлайн. Уже дозволеного гравця можна видалити, навіть якщо він не в мережі.;只能添加在线玩家。已允许的玩家即使离线也可以移除。;只能新增線上玩家。已允許的玩家即使離線也可以移除。
pw_ward_permitted_list_section;Permitted players;Разрешённые игроки;Zugelassene Spieler;Jugadores autorizados;Povolení hráči;Toegestane spelers;Joueurs autorisés;許可されたプレイヤー;허용된 플레이어;Dozwoleni gracze;Jogadores permitidos;İzinli oyuncular;Дозволені гравці;已允许的玩家;已允許的玩家
pw_ward_permitted_empty;No permitted players;Нет разрешённых игроков;Keine zugelassenen Spieler;No hay jugadores autorizados;Žádní povolení hráči;Geen toegestane spelers;Aucun joueur autorisé;許可されたプレイヤーはいません;허용된 플레이어 없음;Brak dozwolonych graczy;Nenhum jogador permitido;İzinli oyuncu yok;Немає дозволених гравців;没有已允许的玩家;沒有已允許的玩家
pw_ward_permitted_remove;Remove;Удалить;Entfernen;Eliminar;Odebrat;Verwijderen;Retirer;削除;제거;Usuń;Remover;Kaldır;Видалити;移除;移除
pw_ward_permitted_page;$1 / $2;$1 / $2;$1 / $2;$1 / $2;$1 / $2;$1 / $2;$1 / $2;$1 / $2;$1 / $2;$1 / $2;$1 / $2;$1 / $2;$1 / $2;$1 / $2;$1 / $2
pw_ward_permitted_removed;Removed $1 from the ward permitted list.;$1 удалён из списка доступа варда.;$1 wurde aus der Zugriffsliste des Wächters entfernt.;$1 ha sido eliminado de la lista de permisos del guardián.;$1 byl odebrán ze seznamu povolených hráčů ochrany.;$1 is verwijderd uit de toegangslijst van de ward.;$1 a été retiré de la liste d’accès de la balise.;$1 を守護石の許可リストから削除しました。;$1을(를) 수호석 허용 목록에서 제거했습니다.;Usunięto $1 z listy dostępu strażnika.;$1 foi removido da lista de permissões da proteção.;$1 muhafız izin listesinden kaldırıldı.;$1 видалено зі списку доступу варда.;已将 $1 从守护石允许列表中移除。;已將 $1 從守護石允許清單中移除。
pw_ward_permitted_not_found;Player is not in the permitted list.;Игрока нет в списке доступа.;Der Spieler steht nicht auf der Zugriffsliste.;El jugador no está en la lista de permisos.;Hráč není na seznamu povolených.;De speler staat niet op de toegangslijst.;Le joueur ne figure pas dans la liste d’accès.;プレイヤーは許可リストにいません。;플레이어가 허용 목록에 없습니다.;Gracza nie ma na liście dostępu.;O jogador não está na lista de permissões.;Oyuncu izin listesinde değil.;Гравця немає у списку доступу.;玩家不在允许列表中。;玩家不在允許清單中。
pw_ward_permitted_unavailable;Permitted player management is unavailable.;Управление списком доступа недоступно.;Die Verwaltung zugelassener Spieler ist nicht verfügbar.;La gestión de jugadores autorizados no está disponible.;Správa povolených hráčů není dostupná.;Beheer van toegestane spelers is niet beschikbaar.;La gestion des joueurs autorisés est indisponible.;許可プレイヤーの管理を利用できません。;허용 플레이어 관리를 사용할 수 없습니다.;Zarządzanie dozwolonymi graczami jest niedostępne.;O gerenciamento de jogadores permitidos não está disponível.;İzinli oyuncu yönetimi kullanılamıyor.;Керування дозволеними гравцями недоступне.;允许玩家管理不可用。;允許玩家管理無法使用。
pw_ward_settings_permit_everyone_note;When enabled, every player is treated as permitted.;Если включено, любой игрок считается разрешённым.;Wenn aktiviert, gilt jeder Spieler als zugelassen.;Si está activado, todos los jugadores se consideran autorizados.;Je-li zapnuto, každý hráč je považován za povoleného.;Als dit is ingeschakeld, wordt iedere speler als toegestaan beschouwd.;Lorsque cette option est activée, tous les joueurs sont considérés comme autorisés.;有効にすると、すべてのプレイヤーが許可済みとして扱われます。;활성화하면 모든 플레이어가 허용된 것으로 간주됩니다.;Po włączeniu każdy gracz jest traktowany jako dozwolony.;Quando ativado, todos os jogadores são considerados permitidos.;Etkinleştirildiğinde her oyuncu izinli kabul edilir.;Якщо ввімкнено, кожен гравець вважається дозволеним.;启用后，所有玩家都视为已获许可。;啟用後，所有玩家都視為已獲允許。
pw_ward_hover_permitted;Permitted:;Разрешены:;Zugelassen:;Autorizados:;Povoleno:;Toegestaan:;Autorisés :;許可:;허용됨:;Dozwoleni:;Permitidos:;İzin verilenler:;Дозволені:;允许：;允許：
pw_ward_hover_everyone;everyone;все;alle;todos;všichni;iedereen;tout le monde;全員;모두;wszyscy;todos;herkes;усі;所有人;所有人
pw_ward_hover_none;none;никто;niemand;ninguno;nikdo;niemand;personne;なし;없음;nikt;ninguém;hiç kimse;ніхто;无人;無人
pw_ward_hover_player;$1 player;$1 игрок;$1 Spieler;$1 jugador;$1 hráč;$1 speler;$1 joueur;$1 人のプレイヤー;$1명의 플레이어;$1 gracz;$1 jogador;$1 oyuncu;$1 гравець;$1 名玩家;$1 名玩家
pw_ward_hover_players;$1 players;$1 игроков;$1 Spieler;$1 jugadores;$1 hráčů;$1 spelers;$1 joueurs;$1 人のプレイヤー;$1명의 플레이어;$1 graczy;$1 jogadores;$1 oyuncu;$1 гравців;$1 名玩家;$1 名玩家
pw_ward_hover_guild_access;guild access;доступ гильдии;Gildenzugriff;acceso del gremio;přístup cechu;gildetoegang;accès de la guilde;ギルドアクセス;길드 접근 권한;dostęp gildii;acesso da guilda;lonca erişimi;доступ гільдії;公会访问;公會存取
pw_ward_hover_password_access;password access;доступ по паролю;Passwortzugriff;acceso con contraseña;přístup heslem;wachtwoordtoegang;accès par mot de passe;パスワードアクセス;비밀번호 접근;dostęp hasłem;acesso por senha;parola erişimi;доступ за паролем;密码访问;密碼存取
